NDVI_Index,Elevation_Variance,Radar_Backscatter,Contains_Ruin
0.6883720462148891,0.5418358615775664,-18.08224804359266,0
0.727791798914781,0.4683334040346284,-20.41439996172733,0
0.6209597745597647,0.6006793936577337,-18.61937384322991,0
0.688224579938559,0.7046081218067902,-17.92378133072772,0
0.6840749956992104,0.49114985956754686,-17.079563046618514,0
0.7147861626897323,0.5944173212004339,-19.19899193214237,0
0.7266208382909608,0.4983956656917346,-17.551579027835878,0
0.7447862759062448,0.6314031495281421,-16.237807914765447,0
0.7190114125039967,0.5175924924075075,-18.76889263885875,0
0.6031405898696668,0.4890734143058921,-19.85646350606719,0
0.6249226315407131,0.4980049957601962,-17.652192051531493,0
0.6562873904429061,0.675499316076835,-19.430396407843553,0
0.6774207526461417,0.5854875892004467,-18.982798288168222,0
0.784061943237769,0.5357367404999946,-16.891995669957016,0
0.6069648810517669,0.6392106753820815,-15.747720869547983,0
0.6714067961463439,0.5378225673798525,-19.200828139609783,0
0.7762407598571239,0.7689776840528555,-18.884903688018497,0
0.676009802040271,0.4539200769460115,-18.52784275489058,0
0.7368332519874259,0.5719542730774078,-18.65736966423051,0
0.6888366365657677,0.38928521674994987,-15.680048983425559,0
0.7205426605859778,0.5479688412164859,-18.636681395625345,0
0.6817221964952367,0.3480546753440055,-18.465302297431354,0
0.7533652378182683,0.711947478383869,-16.06058703219021,0
0.5763954874074851,0.7149755650508368,-17.30798842615284,0
0.6709350393289164,0.7176255260586715,-16.816920920460905,0
0.7237258141355446,0.6043308720261702,-19.08733544762687,0
0.7426956198404954,0.4680194392934862,-18.636215619810883,0
0.8194362098203062,0.47994890519460753,-19.24766202921475,0
0.6687180266507539,0.8295258082830781,-17.03848614475702,0
0.8183585409488698,0.8153515655699695,-16.529708150659868,0
0.6472780938672263,0.6183832735426157,-18.719729243017817,0
0.8062917129235715,0.5226548948879509,-18.437089587485133,0
0.7653973701358697,0.8052935134047765,-18.384588078046388,0
0.6269233136294221,0.4958245257922785,-19.85666879193381,0
0.7245631389801457,0.6343273812143861,-18.808586493311584,0
0.6959011331574246,0.8027935958097687,-17.07208054228368,0
0.750046767494,0.47454922505030583,-19.050502205334112,0
0.6821382729253352,0.7243835378455667,-17.888421765354014,0
0.6754203019470615,0.6780841193765804,-19.56962276935699,0
0.8095275666210281,0.5940725186652658,-18.172801093354643,0
0.6921023284435461,0.45098496013003264,-18.67598538550321,0
0.7661137859353413,0.4913340359845086,-19.46600578054052,0
0.681971881196464,0.6434176609275988,-17.051536684613865,0
0.8333330607382018,0.38649948076779195,-16.984047166558778,0
0.6457332296531605,0.6196115788527374,-19.16344645468317,0
0.6508685175002252,0.6811576476092495,-18.259420157032473,0
0.8219613744892722,0.7477830259213651,-17.946817580313063,0
0.6644042887283798,0.3902464388309666,-20.17771414455342,0
0.8280859444931514,0.7974370945741911,-19.676511271672837,0
0.771347246367585,0.8543045241269902,-16.456458676359862,0
0.6876280234751333,0.6615227351570391,-19.278152275803084,0
0.5549365222386273,0.4442927127863009,-16.490180270097966,0
0.6984545356582531,0.5507836067459638,-19.614496409259996,0
0.7081304042826739,0.5928604132322239,-17.209406667431516,0
0.7933774186643499,0.6405695263095835,-18.373563729012403,0
0.827075774099209,0.6032972328965404,-18.20491952298524,0
0.6452010256685001,0.6421747714341925,-15.772876903759244,0
0.7640945411190546,0.5863879863991316,-19.505023961182417,0
0.7612321724810679,0.6397660641768365,-17.286242164486715,0
0.7858730161928356,0.5309214868258029,-17.335812403730614,0
0.7398951929708435,0.5492719924526297,-13.974511933000347,0
0.5446001847230584,0.5135962244284998,-19.292556984278264,0
0.6875662053977791,0.8875889301756108,-18.751181752204126,0
0.6075433940066467,0.8195851179261484,-17.020893257000935,0
0.683791538166554,0.6832941285020423,-18.240316631042237,0
0.7784003388907115,0.7987963495901608,-18.555661148078098,0
0.7244120668699978,0.7197692008466824,-16.850986214012202,0
0.7918472693117946,0.6271906739271083,-18.319882123564465,0
0.7273403136570831,0.37416429884704744,-19.0702308844577,0
0.20944369461437132,3.9515687800866752,-9.406054135017664,1
0.49833223947418115,0.5497443161972472,-17.549654390366566,0
0.7119047009343672,0.4300387240361765,-18.37541591472717,0
0.6828858826919068,0.37707565880900756,-18.432361822512025,0
0.6218443408494494,0.6739079019850538,-19.097887925928674,0
0.5639498200278897,0.648675648355622,-17.12988377386159,0
0.6412205429221832,0.42489045298985817,-18.43212938070525,0
0.6844406812108179,0.48811822403457156,-18.923815084288403,0
0.7532702258965112,0.7741833409731245,-19.542666200630226,0
0.7150904865254384,0.4683455229725159,-17.529414770509398,0
0.8286453797738182,0.6256198355900703,-18.610299574695595,0
0.6171516755163684,0.5715332550648028,-20.415210376786884,0
0.7704847113645946,0.6759545206593094,-19.443922547572857,0
0.7037838994502982,0.4715838521015354,-18.280316322790778,0
0.7555735299294867,0.613512521631016,-18.2466451979006,0
0.6650788109387564,0.6253083866018816,-18.292250700444782,0
0.7857344299112472,0.6345271209343829,-18.459307333881075,0
0.7236179806676194,0.611861078694392,-19.771024467283695,0
0.64564440120658,0.6516913980891165,-19.04945822897886,0
0.6990380776869449,0.9287655498076216,-16.579467616219077,0
0.680835531285032,0.9841946665156658,-16.75652624777632,0
0.7391342680510234,0.5041175788819917,-17.306457861187138,0
0.6056178600500393,0.25226355294712516,-17.4125968751512,0
0.6976518638307444,0.689324295108296,-16.91429291032141,0
0.7316245802119464,0.6279378689851899,-19.34495368499052,0
0.7026418645754426,0.759156278877537,-17.96048595989166,0
0.8077552995511196,0.6427328849572975,-19.34432058077635,0
0.7619218219256841,0.6087905909288578,-19.323497363718328,0
0.6994015362607402,0.7693359893815834,-17.55832207470367,0
0.7173351277998138,0.7903170882620763,-16.86389947303695,0
0.7236532441185599,0.39201599118285024,-18.232618961307047,0
0.7322639683333458,0.47750907192906245,-16.0211994813486,0
0.5539473603468313,0.5841610561066982,-17.745858807545357,0
0.6758778963384522,0.6147656435886876,-18.932142638899812,0
0.5812448745445259,0.5661025194971627,-19.304074262248406,0
0.8022624757967589,0.6651310766792828,-16.778242218978342,0
0.6951320383997658,0.749415718397565,-17.845849061112222,0
0.6845327240256301,0.8584064566081091,-17.18874314619662,0
0.7717437865626587,0.6868369535659349,-21.18955591254389,0
0.7337859837959899,0.4721499482320335,-17.706393558783674,0
0.6097092388496634,0.5778935662203273,-18.614129026195485,0
0.6943275709978105,0.5886971638110664,-19.672511443100237,0
0.6731866421418892,0.6771960359971738,-18.07521881153811,0
0.5604373689115156,0.6582252050150913,-16.689823759614654,0
0.6447779013410235,0.9075594976667265,-15.280526056296338,0
0.6853167742386828,0.5307730297117638,-17.70941711121299,0
0.6908039254806525,0.6577125800650204,-18.850975907953828,0
0.5814214861058152,0.9532067096616137,-18.92340306782216,0
0.792133246643798,0.5122189654644598,-16.844241165521762,0
0.6918317552886848,0.6217723044255532,-19.19624894298347,0
0.703004246132845,0.45826792483139767,-17.253087144566685,0
0.7320513310671869,0.6123130349441147,-17.64758257204846,0
0.6369538996877062,0.48296742777935375,-17.780278329740543,0
0.7365084778506157,0.757020135523702,-19.88174230785695,0
0.6706340283185453,0.6220978288547093,-18.42834984267159,0
0.6282731567482246,0.45969041100265595,-19.749789349629136,0
0.7458757994684319,0.7260851546687507,-18.70589688158012,0
0.8193339087041446,0.6269499058307381,-16.899433606175386,0
0.7579863498788665,0.7429228165835182,-16.522730515973322,0
0.7738382052112345,0.4278506058078377,-17.743261620610937,0
0.6583495514750161,0.6553236618372992,-18.684408614920784,0
0.5721904216665235,0.7160012541967062,-16.0942808011675,0
0.8192110017679872,0.5364933764646395,-18.700308760507415,0
0.8643611911523807,0.4111495909547773,-19.362823790170804,0
0.8234245419015745,0.5937588756944409,-17.16422043849986,0
0.67313712488162,0.7842172940671392,-17.450719148916352,0
0.6076292529016925,0.7688895495951085,-18.65109109311101,0
0.6147453841744346,0.5357357347866635,-17.87972972451652,0
0.565301394590876,0.4075371845435336,-17.469408013377873,0
0.6914097105271964,0.5353230419475641,-17.75558539073782,0
0.8284542366465963,0.5297283523902131,-17.449273254042502,0
0.6886669894502205,0.6669670174957166,-18.60685783387197,0
0.7241858320278619,0.5842497745643818,-17.36850594691248,0
0.8100477571443366,0.48701036823942867,-17.97893059490006,0
0.6676723750534079,0.7656394600891001,-18.566172625843624,0
0.8628425165375675,0.6210638801167251,-18.295061714679928,0
0.8593675525997962,0.6653123479096411,-18.1174822031093,0
0.6895110929055613,0.3412521848803099,-19.734454004473534,0
0.653797258878463,0.2363602693954071,-18.763991095883913,0
0.755779043711225,0.38436813278333876,-17.922113381288657,0
0.6721980045984913,0.5279184861589836,-19.621189242466624,0
0.607475582634613,0.6864534026420713,-18.743908394177495,0
0.8024990922818384,0.24866296943890526,-15.138426025953754,0
0.7973157909821663,0.838927809655798,-19.355110037785433,0
0.7124409283010849,0.6255849040155189,-18.460576695180514,0
0.40954908976392573,3.2120652934285987,-9.271068044335902,1
0.6016378999026091,0.4671044876288807,-18.140244004744005,0
0.7085783430735322,0.6755789901258736,-18.977902011761977,0
0.6600103172395974,0.612779389495618,-18.29189174795092,0
0.6727125654286713,0.722652946958183,-18.86225644217987,0
0.7817570524048002,0.5649312948600425,-16.73384662035621,0
0.7586543453938046,0.6709822813511382,-17.902035554736543,0
0.810251414439809,0.76532929781568,-19.203567188355866,0
0.6207501421298194,0.5023235559162337,-16.99104417140077,0
0.672544674505063,0.6363366348734474,-19.149919939236135,0
0.760718535636809,0.31682066441664775,-19.87689622669398,0
0.7358462672810313,0.7053754528595036,-18.003650984919368,0
0.8225904306070098,0.8931993815193734,-15.711282690792025,0
0.7336429364723255,0.4133345928376957,-20.193196954699065,0
0.8478487283284442,0.5862928109358085,-19.597185505882916,0
0.7432014241378512,0.732072195137117,-17.096969204206985,0
0.7849733958070928,0.6047126210199826,-18.770785679534352,0
0.6741188042572434,0.6247649327239838,-17.26566171930415,0
0.701142976950719,0.5413500837714542,-19.004986688330337,0
0.772875552307158,0.5357771620368128,-17.82964538710899,0
0.8290382536474443,0.5869958769621934,-15.906631289537414,0
0.7583389559448602,0.6062507133209034,-19.433507576426244,0
0.6933462582452304,0.42278381076340354,-16.771487027835235,0
0.8101868023622673,0.5900967021080956,-17.184351844041494,0
0.5246417074976095,0.8352800908063989,-19.78709310131869,0
0.5862212398794501,0.5371299309616643,-17.32931937150987,0
0.754530737893471,0.4144117525688058,-17.912632645364873,0
0.7011286685002499,0.577287589802036,-17.890687188103524,0
0.7484410920899331,0.49280807818135547,-17.596178920257955,0
0.7051526017945553,0.39924872620170904,-18.420439013298967,0
0.7456756555683097,0.6208752692598931,-17.915881249269123,0
0.6348477743205447,0.4934576944273383,-17.710257089951654,0
0.7456388868863753,0.5062928749720087,-17.104730473337366,0
0.7795531622566068,0.6230141070578084,-19.832593240053697,0
0.7976440483144985,0.3700238106956498,-16.450936924210676,0
0.861084343571896,0.3387645524623313,-19.386348411671054,0
0.7195278754801909,0.7006308291752897,-17.086045843024337,0
0.7219128869477742,0.3103749598913875,-17.904665880872663,0
0.5781462028660921,0.4534983457038968,-19.537387611358437,0
0.657487087908926,0.33002406969173437,-17.366225436355194,0
0.6845534340794709,0.5270795299726752,-19.134487967034204,0
0.7840255641821083,0.6642088121476748,-16.717445333810833,0
0.6511199100728297,0.6168506923098565,-18.853001806201494,0
0.7637072015799066,0.9587810084185926,-19.793983317126454,0
0.6998702626429295,0.7630373426683501,-16.159385873956445,0
0.685826550790819,0.4603263224765098,-17.78241159451571,0
0.7199115175306605,0.4204417492760384,-16.95937064908642,0
0.6687074902197725,1.0060031911463252,-19.02176625450404,0
0.6656770201525867,0.7593858008600043,-20.27017264404984,0
0.5636171275367908,0.6884054410904358,-15.989757091094667,0
0.6801636634137688,0.6112277718323427,-18.00771217461474,0
0.6616025483081018,0.6410282351212525,-17.410377727003745,0
0.6587215208520736,0.37768900867763605,-17.21208506328208,0
0.7333498450072031,0.6235558755295152,-18.402469263618826,0
0.7526905562232408,0.6106847096188521,-17.72852454286138,0
0.7185755603713861,0.464379173534778,-16.087256888993466,0
0.779633215235958,0.5192210319647281,-18.038929474655195,0
0.7460449540664291,0.8272764590165333,-16.86947842029651,0
0.6763955048155486,0.5812237619557706,-20.389496376036746,0
0.6629714971428495,0.9106756953799666,-16.65148724361694,0
0.7250257789413477,0.33889808452689246,-19.82640515760717,0
0.7459013687921521,0.5216804720661378,-16.7887094111598,0
0.8118275445625198,0.36790821731296214,-17.531242535458475,0
0.7952938435952076,0.4185866319162248,-18.115104811288653,0
0.6566821594794264,0.4757691441511054,-18.119505865449515,0
0.691839497589819,0.6472964440155886,-18.3032773120288,0
0.7536814243934216,0.640023925662058,-18.984803423332277,0
0.7854398222447178,0.4981064520558592,-18.247171534356056,0
0.7751175574963833,0.26583006639951273,-15.350329106989093,0
0.6948897733734922,0.8216539309548229,-16.437231947058326,0
0.5996781878057187,0.5571352925945465,-19.04520381422692,0
0.6200850899003526,0.43255647445482914,-17.678775117207255,0
0.7218106811455531,0.641239617160513,-17.884825004116284,0
0.7273780463539476,0.6306667755784761,-18.170752131611607,0
0.6121056501252492,0.5515985302500052,-19.203333067964977,0
0.7035655688711416,0.6222796523462257,-17.464922418232018,0
0.7504979485577427,0.4267455239387972,-16.984714044102436,0
0.6079018673994284,0.7139869264764725,-19.000678422080135,0
0.7883997761443531,0.45046993578646943,-15.653350299252951,0
0.669797508115214,0.5091645517044852,-16.173596100917337,0
0.8006090490061321,0.6973202724227363,-17.342201329258522,0
0.6573238043379279,0.780593844751535,-19.478063643202574,0
0.6178699613692656,0.8378661852069508,-17.518309648818526,0
0.6633490408126624,0.7583697357699858,-17.661626398122642,0
0.6923881501538144,0.5513891724297327,-17.384213668537804,0
0.6689216074582814,0.36884503963493054,-16.091442873252316,0
0.6827198862741509,0.8107583378404339,-18.211168865539946,0
0.7267172119740952,0.8056043983357464,-15.542608104413109,0
0.686305650416288,0.4992035769969756,-17.5121947848075,0
0.6947110084838394,0.7381783556736841,-18.348555810793517,0
0.5632618880637923,0.5501733309103892,-15.120747351952307,0
0.7313358412808377,0.8251915325267593,-17.004129719975893,0
0.6928637361846666,0.5227703006394326,-18.545680664348968,0
0.8288234384386296,0.8967976931322754,-17.89894009326427,0
0.6248347866196833,0.7179180821397368,-17.237720373774557,0
0.5553363737200387,0.8696317267028979,-18.18103323214241,0
0.7494454795144033,0.5304304095525181,-17.83931055714606,0
0.72772216146504,0.6607544406666289,-18.980644324395264,0
0.6193253583575082,0.4546081202483452,-20.02223343696949,0
0.5776200835996727,0.7265983878178794,-17.872296812706345,0
0.8229917384547432,0.7348562299255686,-17.831966613328934,0
0.8131288312485425,0.959553587730178,-17.367456490130575,0
0.5010034593035095,0.6723059695829473,-18.691427648527437,0
0.6633421576594799,0.7086141303759139,-19.608665153448797,0
0.833135364382712,0.5293754435244327,-19.15838936369682,0
0.6619149953777705,0.6812069058952858,-16.73323949179221,0
0.6607510212778678,0.5430163186968624,-18.799933574649085,0
0.2530256280365325,2.899369075058033,-10.711252195527186,1
0.6103282420985472,0.6261773492318693,-18.374896276597333,0
0.5636179404617564,0.5471542689976244,-18.743131403144147,0
0.7842037848587798,0.609441764481299,-18.8318529930394,0
0.5525650475001859,0.5437057245429869,-19.04534827756057,0
0.7197817161687005,0.5430403312449241,-16.31921211051816,0
0.7709263594206119,0.7614996977253408,-17.183879179988484,0
0.5839018960879073,0.6263120462739616,-16.502615072219715,0
0.6260585277923942,0.6520599408300416,-16.260792292246993,0
0.7970543350713272,0.3814042846521696,-20.819855756919576,0
0.7426313376181631,0.6635187497745585,-17.58785442956631,0
0.650617143449689,0.6795635195962857,-18.703414360677982,0
0.7961799202688936,0.5402492065966871,-16.65982842677598,0
0.7965228578763441,0.9127544514391037,-18.889765443891072,0
0.7215242154412566,0.25661591037239023,-19.264979707636453,0
0.6279871817701069,0.717655070365582,-19.72085503278372,0
0.6669241037222563,0.7069207207432293,-18.363209893174563,0
0.7229109395164312,0.6812374397999118,-16.902065684966026,0
0.6849124136682009,0.6264319058457934,-17.692599339766424,0
0.7751165742587881,0.6826018983937556,-19.44317791816337,0
0.5776180735912531,0.730226321933384,-15.416809091565732,0
0.5804589176747008,0.49111686242520086,-17.22055363261012,0
0.7144696889185945,0.6448793433270135,-17.067107861090776,0
0.6606764468954476,0.5725024736965044,-16.45796540718281,0
0.6498361108241807,0.4359347399661737,-19.968258706350937,0
0.5585554624660481,0.7075754961919934,-19.093720966305458,0
0.7015636675838545,0.515345936297395,-17.012386371690873,0
0.6957795913599387,0.3753211987830799,-18.972885993625773,0
0.7522783185561392,0.5191334008947527,-18.33001616670606,0
0.7055124906496777,0.48016516528603037,-18.09328878339756,0
0.6893916737407603,0.7542718513785165,-19.5328864663559,0
0.794160050943227,0.6229789710837116,-18.432980618560368,0
0.595002615724116,0.807357411853491,-16.902596139177803,0
0.742911137507806,0.5000165653150431,-17.12465533221859,0
0.566308226816372,0.7311254807844749,-16.66438240563904,0
0.6329310495999353,1.0259434372211869,-16.788148951451046,0
0.6029874293901348,0.653404870069071,-17.5129512891569,0
0.7625554028361534,0.7292473293484729,-17.60798580202836,0
0.6947671813123685,0.7040276496338109,-17.696003087872057,0
0.6989197404325618,0.38668870088612595,-18.752456600704754,0
0.6114613609816438,0.6878725946201176,-19.235933668464735,0
0.6760245203253689,0.6459684480974353,-18.82751681534388,0
0.638922775735271,0.5610378924902536,-18.391235179868964,0
0.7306764011883372,0.46739454386926793,-18.78699113369133,0
0.6207127091734709,0.7040974860490555,-17.503401913819303,0
0.806383549216406,0.4541394390584068,-17.757725740722897,0
0.5659535640300724,0.9200468407022846,-17.62881180153574,0
0.635478413403475,0.6171253625232193,-17.578310320901064,0
0.8341760407972877,0.4165039428320244,-16.56520327465856,0
0.6651889001630372,0.5229005582507491,-18.01028747086452,0
0.594809706847647,0.5582798492565274,-16.789956679398465,0
0.7175257250030135,0.9618564980885769,-17.380097570425,0
0.6619686206228366,0.46731165797857555,-16.644439756037897,0
0.6331303795505355,0.5825674105122919,-16.062444198736113,0
0.6123303351361026,0.5193257445202466,-17.308020504025116,0
0.9214698884500754,0.6748887728372496,-17.8754781003936,0
0.679875847985269,0.5217174879442433,-17.88323061906803,0
0.5459546111733697,0.4291415000790434,-18.564199295474207,0
0.8194967807204427,0.5707058130305702,-18.604526575891267,0
0.7488856724088456,0.5550909235001635,-16.917459404026157,0
0.6386826855184169,0.511163343356398,-19.156404350937066,0
0.6253504729051086,0.5191784461654324,-16.062272837325327,0
0.7538778236926584,0.7777043696821504,-18.182067903484825,0
0.6802465338008435,0.5520389678598743,-14.565506528252623,0
0.5459217745243918,0.4298808506282351,-18.83173851219554,0
0.8429791971683734,0.5306826054300215,-17.699773296023597,0
0.6652807630227234,0.6081503489198089,-18.422219124298103,0
0.819645738918594,0.39955955451729686,-18.951700909851926,0
0.8022747966372572,0.8438966940009598,-16.723439578945538,0
0.6199192364413748,0.7301369216259408,-19.32666503327737,0
0.7826551891490517,0.814525911542817,-18.81128940836908,0
0.6478845960109054,0.6588192188231523,-17.296416349302106,0
0.5506639530556846,0.2859453824804849,-17.106047026860715,0
0.6660321467182285,0.830300057495777,-19.670262505473026,0
0.7318110001421023,0.47046474604351607,-17.301987737741552,0
0.6629810681602929,0.48267198839968517,-17.845320103900395,0
0.6754361327259918,0.6234487715933166,-19.101268029433836,0
0.7914852835942889,0.8067344770005224,-18.946657842402665,0
0.7085195184232073,0.7579930700928599,-20.440141713538083,0
0.6325361350972037,0.7359421680264031,-15.939066686642906,0
0.7561624258933861,0.553225942068817,-16.781495502027592,0
0.7158140453563395,0.5508588710861833,-19.546974012213862,0
0.4982716158830365,0.65189155019701,-17.041310792649845,0
0.7342682331017159,0.5804893738074701,-18.6888268127396,0
0.7313462966172881,0.7333976860994029,-16.90222735638036,0
0.7016096903664688,0.724517649674284,-18.5952882829909,0
0.771336046485566,0.6887011981759058,-18.43602491412955,0
0.6462085132538797,0.2211058077345932,-18.346016721309198,0
0.7269199831056721,0.6191982545515896,-18.788826409993575,0
0.5746432503066117,0.5836719178900948,-16.320874349720036,0
0.7325672306719065,0.6252038402639297,-16.921767608302225,0
0.8562447756431917,0.48685130421803896,-17.868061754000067,0
0.6204114918025967,0.4012821134401162,-16.770518203217026,0
0.639215829440978,0.669470771996256,-19.95248605829455,0
0.6431987645686758,0.5465548023401907,-19.474150534261238,0
0.7103998580641275,0.6862039490561399,-17.430534285170445,0
0.6149570981717025,0.4993628433472843,-17.117356133030533,0
0.7336997902952783,0.8123865960739015,-17.6647109444931,0
0.7677471956375331,0.7501597263856145,-20.259233610093982,0
0.7427477770763027,0.6445240662818821,-19.274801429205297,0
0.5585267659489541,0.5680067379921079,-17.500089760195,0
0.7796134132126884,0.7278613316697295,-15.088233252910479,0
0.7749893931402944,0.6588821722856109,-16.538504801929886,0
0.7664129097877043,0.6357876281895907,-16.107234841835073,0
0.7298273798924659,0.7564298114339413,-17.59232949337164,0
0.7176151451364106,0.813980423160996,-17.601010823052746,0
0.7825911518501117,0.4121383223271683,-19.24018256070729,0
0.8538810790082763,0.442442383897529,-16.85781353633806,0
0.623756762930812,0.4829608911781803,-18.087818043049204,0
0.7862500316635816,0.37463631035346723,-17.168721149443538,0
0.6931026321594037,0.5905877211646273,-17.96317637654288,0
0.6896261558377119,0.6900174682866759,-17.665057890299114,0
0.5770775447694368,0.5967872557571495,-18.105273739558346,0
0.6772168472387684,0.5198817537580657,-17.73045036261253,0
0.6202188033625267,0.7689686635693737,-16.799908130945724,0
0.6628916456395243,0.6210834604810124,-19.51947543488307,0
0.612145089297748,0.6514474451049477,-19.791506911578132,0
0.6640873290149595,0.773135220734964,-17.48896250683332,0
0.6675111714381277,0.5815137091723299,-16.27131084251086,0
0.707740393475104,0.9090321108937021,-15.968706459838701,0
0.5708200110166934,0.532827749419235,-19.469292261252086,0
0.5843585481803741,0.8996922306769349,-18.48344860248285,0
0.728953141658442,0.4537897227131369,-19.775058305333893,0
0.6362049506343921,0.6776227354320662,-18.660733951664543,0
0.7859623832183944,0.5036201746790644,-16.652582285940767,0
0.7180215777612037,0.7679349175471638,-18.01547014027008,0
0.7485409720165126,0.5282651088212357,-18.448648895548544,0
0.8128553856336715,0.6436306785966128,-17.345897092306547,0
0.6752231350554742,0.5024187005937646,-18.954062507771365,0
0.4254733298067809,2.026989148477575,-9.735144725262339,1
0.769736206847905,0.5016373109041291,-17.99125803331023,0
0.7407610851143749,0.8525122267114003,-18.48215309155188,0
0.6850135752142958,0.4506004339557914,-17.295780918245267,0
0.8113166373564753,0.398155812250778,-16.872856607746744,0
0.6830204552128055,0.7427328117118629,-16.08482971182089,0
0.7026218910044625,0.5112534539604717,-18.251962687509796,0
0.7016978120667406,0.5989144029825696,-16.69673217276754,0
0.6252324884081223,0.5516638269246419,-17.878546065720002,0
0.7062068311589113,0.4031087599270965,-18.733656025168433,0
0.8117408141918793,0.5884509503792493,-18.93217383480508,0
0.7355974652300941,0.7897373842458453,-19.316380132359605,0
0.7024850741119145,0.7504705504958348,-18.890032798666937,0
0.6870586175067465,0.6347689143938887,-16.6611520538879,0
0.726469362272508,0.7668402439552661,-17.151948477856756,0
0.7599813302791347,0.44107221229587346,-19.48945398713034,0
0.7487391064711801,0.5511818506642491,-20.095669104257922,0
0.6734508110542416,0.6593707411095312,-19.334751786955692,0
0.7259825275288091,0.5804377759774332,-18.932083449896577,0
0.7383951792918623,0.5629765004285164,-18.36391885269241,0
0.6194244009978417,0.41990344015183567,-16.592563772389543,0
0.7134584432946955,0.2877987917035933,-18.6572602306796,0
0.527095689095811,0.7226799637424454,-15.98340004778727,0
0.7386026967856948,0.6364832359878339,-20.01623987078564,0
0.7528274443650145,0.7352997567315139,-18.418359024914768,0
0.7598036900629167,0.5344146086762438,-17.05734159703632,0
0.6683962518264346,0.49308331727586086,-16.98335369716028,0
0.7247237468019228,0.6009821949954951,-18.40285674766607,0
0.8139163076432934,0.7281299472919225,-16.797895879458963,0
0.8131015718633007,0.5652821677518518,-17.02536426899174,0
0.6976661840618751,0.7202677776492729,-18.818537591175012,0
0.7111455704583648,0.44905379916103694,-17.622085837866692,0
0.7888728915787546,0.5757829300245199,-17.155664059107785,0
0.579935838779026,0.5894828783882953,-18.73264172108739,0
0.674153940585838,0.783958491588288,-15.966809459677005,0
0.8068456364429405,0.6311441097023862,-19.00243433594117,0
0.7780160433347812,0.8619116277441292,-17.827088540046585,0
0.7295411022119923,0.3978472800078776,-19.49973277970341,0
0.5795334075735503,0.619487835661692,-17.875967761604926,0
0.696007181356707,0.6269097058770668,-19.280487859284985,0
0.6528067683000053,0.69301397963803,-18.352954969595114,0
0.726483112225377,0.4779960095326663,-19.903917073585315,0
0.6352522652164095,0.8526669509116254,-17.040223919609133,0
0.6179421284020313,0.6019445912207638,-17.572463940310072,0
0.5348107777853086,0.43693987305976223,-16.69510733563596,0
0.7977443747981361,0.5975962514379572,-18.4173661975678,0
0.6680183590845553,0.5530257715679829,-16.639383159742803,0
0.7125716626962028,1.0174852713370992,-17.952864425526197,0
0.6998209506820655,0.757491539928752,-17.864199048685517,0
0.6146052853631601,0.6074492033562325,-15.463136009577674,0
0.5992748070841445,0.5832124972201193,-18.581611157926325,0
0.36979166673420755,3.123834207842984,-14.530591993980732,1
0.6421465248936485,0.7498293240492322,-17.424378071342865,0
0.7293284997611044,0.16326751210190266,-18.68628587069458,0
0.636342586918351,0.6964489732100001,-19.578829068556168,0
0.8397192505275697,0.604194981596794,-19.239702060546588,0
0.3645836470215384,2.861779145478766,-8.47360443886687,1
0.7646687639732567,0.7320321209436265,-15.918720567795653,0
0.6904272878021479,0.9369282020337397,-17.890272116147727,0
0.8211424588576387,0.6835193920241671,-17.82734188485465,0
0.6825595495103101,0.7650642663385296,-17.068255880212217,0
0.6974990868676603,0.8706178637946604,-17.912037564776178,0
0.7135979631799415,0.4754606773919922,-16.680359954435612,0
0.7561458432434675,0.3213642832249624,-17.650053299204178,0
0.7509526463202388,0.6985299094964252,-17.837350423617067,0
0.6619899777244317,0.5628582695337824,-18.83905541699294,0
0.6573605024459237,0.3938739821442685,-19.134320495367938,0
0.7511922365721667,0.588274509579631,-21.790905616254292,0
0.7572189267112985,0.709132106068593,-16.519059840069755,0
0.6685319100141701,0.577654250285346,-18.17592846626679,0
0.5730249544257237,0.4819758553897444,-18.480476813682937,0
0.6834147123193404,0.5664739409555234,-20.34204875566252,0
0.7498820639060686,0.5970785302047982,-18.768135318926824,0
0.8444333477135824,0.31057766060608766,-18.926023749939475,0
0.604163363012747,0.578583757024396,-18.95372770467693,0
0.6658742997735541,0.39834892917826625,-17.600596628216845,0
0.6688477150779698,0.6988538928031645,-17.853301736164795,0
0.80846442715452,0.36584361366198326,-19.633555120343647,0
0.6972046799633094,0.7519038306826404,-19.557409319888798,0
0.6274138752502187,0.5386252396179088,-19.55961426279644,0
0.7446956226337454,0.5185536439841981,-15.827368694919388,0
0.6676289183967242,0.6441681895952958,-16.208732845570044,0
0.6020490181313636,0.47009483321649115,-19.02275879891952,0
0.6285781354179079,0.6418118631195096,-20.371913183994877,0
0.8387233563538095,0.4901836837967444,-17.846346908384977,0
0.15504382822456325,3.4840079718404713,-11.57371652296069,1
0.7086208044362033,0.6608031253993703,-17.61969961561392,0
0.6800085011350363,0.4292128899398426,-17.1103513290272,0
0.7233719073695039,0.4103494047356464,-17.45795525592487,0
0.7224188756801995,0.6372338261115512,-19.339727437800303,0
0.723373506256586,0.5959650221265923,-17.64715069540318,0
0.7091876072222202,0.6253039117214088,-16.975411709597214,0
0.7695038670644438,0.6491458855082131,-18.868802067604047,0
0.7018483476800584,0.6086063330710472,-17.64005223749297,0
0.6217648931557889,0.6912138935950602,-18.66333686096137,0
0.6510061687279305,0.6146154430467987,-15.604596334870525,0
0.541678504520823,0.2989044150487045,-19.592192566640424,0
0.8621453692833914,0.33781731080072164,-16.612861276165678,0
0.7690203673562149,0.8891923770363124,-20.00497531371032,0
0.633594360389661,0.6000107800588295,-15.848336777740071,0
0.6774524120482319,0.7425362477575645,-19.36985888090929,0
0.6490498820634852,0.5481444141559386,-17.772394147212797,0
0.8234037769099293,0.5912977358409104,-19.955031824036165,0
0.5864098268583257,0.5319953018593735,-19.619977340426054,0
0.7091580847055023,0.9698890997192047,-16.922703542850453,0
0.6913177725948121,0.6379863633546213,-16.766205226236636,0
0.7661470904567291,0.5197713141740703,-17.712769281158824,0
0.6916792617820243,0.35226904298547135,-17.11070200141171,0
0.5593432898675652,0.8960600164103778,-16.746145508815232,0
0.37231530547476965,3.144737030522029,-12.23655780650087,1
0.622227022564534,0.7116343679342395,-19.67875372118018,0
0.7063663637245248,0.7283995935459818,-18.016444063443352,0
0.814734162921626,0.5305754214854443,-18.69264142307665,0
0.5608459804614176,0.7008679163079233,-17.533654223758806,0
0.6359821811680076,0.5093792569872574,-17.342365665494487,0
0.6557845636973202,0.4514360456940876,-18.817980948683136,0
0.6694695123669431,0.7746697038768319,-17.15506974844027,0
0.7592100531284195,0.5762715930266701,-17.21503394885843,0
0.686116446595089,0.6777769250403982,-17.132018905333176,0
0.7332642180576355,0.6616381490822656,-18.489350852412713,0
0.6499381565014578,0.6956897940082933,-17.06409340220571,0
0.718393947633435,0.36651945986975626,-17.375997263189767,0
0.7622238104702171,0.5122064203025445,-17.231778426292127,0
0.6414160360210329,0.5513287263755362,-15.986653724293769,0
0.7625086495845211,0.4752781990647764,-17.606670972089507,0
0.7041898214982054,0.6643510272024582,-18.72835466879696,0
0.7836368192385802,0.7780339616393845,-19.332545437199357,0
0.683886407993842,0.8017776983019447,-16.646476608007415,0
0.4688596823087008,2.1189927410883582,-8.458455689189575,1
0.6967515014657175,0.6437948793686861,-15.99597361401573,0
0.6923030190367536,0.6668465256735149,-20.435462629440565,0
0.7207144342580551,0.6931884141305293,-16.90719949465627,0
0.7429445975379922,0.4682797390391034,-18.313364802504754,0
0.6000348070460796,0.8730870402397448,-18.424225193857406,0
0.8146906887054302,0.7389780276519666,-18.91776940817831,0
0.5512269567560161,0.7428974015538661,-16.92051478333783,0
0.6452150312208883,0.7805190085350595,-17.26375658726013,0
0.6924584743388079,0.6801203913398977,-19.370858430047328,0
0.7329884775268758,0.44590298654235416,-17.802094274489914,0
0.8260938022193103,0.5791540902667339,-17.152662803183436,0
0.5513366809419914,0.35234199074071265,-17.786387368888914,0
0.4044220352340347,2.7012912809222978,-7.300107833434639,1
0.43458028725629283,2.2856965756649763,-12.47148558039708,1
0.7025297579128198,0.5939216424709602,-20.70522920772537,0
0.7217346867600024,0.7806001695128477,-17.775938927078116,0
0.8272636593737002,0.531450894216531,-17.783249076713904,0
0.7096507808714763,0.5621815261841885,-17.626576203954777,0
0.7835220103553904,0.6032959943944824,-16.67162508243876,0
0.7467069665231246,0.32400116258795514,-20.342955903951967,0
0.6651801442395865,0.5600904516356995,-18.286179965199192,0
0.5872831402566367,0.22713076315707248,-19.107189369601862,0
0.7220001838633449,0.512171765715639,-19.44963646574218,0
0.5806318386283709,0.728278358008924,-18.086758799475472,0
0.8036165658135714,0.6670899837376604,-17.15781356366319,0
0.687035031837054,0.5107769534318886,-17.63886407416901,0
0.7956141929209133,0.6061197327335718,-18.825026906994914,0
0.661582845269408,0.43875156493043915,-18.174565919452462,0
0.7215080629120794,0.599648489527572,-16.88412426644446,0
0.7167479085867751,1.0395480428238764,-17.180244905927974,0
0.696396470559126,0.8768701980557897,-18.663324015871954,0
0.6653872389282726,0.6078933195025892,-18.740995650796773,0
0.7313964814776416,0.6240216247373062,-20.059780992718796,0
0.6259069389213433,0.4530652028048173,-18.515293600298836,0
0.6032451736832752,0.4797316338073424,-20.08294671652622,0
0.7994261514661462,0.6543276483157041,-15.519516375136662,0
0.758173439111368,0.5212661151545273,-19.026141788240054,0
0.7052713286881791,0.7356224392277373,-16.669222973624137,0
0.8332113906035025,0.8354528521466635,-15.818272550529612,0
0.6785787585020123,0.6498931177171559,-17.740558309766413,0
0.8058162575991183,0.615260580875989,-18.12001710766429,0
0.7140459267940658,0.3478830562634022,-19.5868383072661,0
0.6180199399938887,0.7121415367908075,-18.60552014597853,0
0.847843215341668,0.4284493047691412,-16.07524194255717,0
0.7792568677299267,0.537298630704987,-17.578496844453277,0
0.6903183175192348,0.7439363838577702,-17.965982151049396,0
0.7581737007627158,0.7544637246463548,-16.425452148989205,0
0.6677037252801674,0.5300238708974824,-17.16445134185314,0
0.7663319228047634,0.538662669762002,-18.177447777335715,0
0.5087137147772832,0.49510216901149917,-17.740492997191684,0
0.6184158933044325,0.42032193820111335,-18.92167804491757,0
0.778340779542957,0.5047806776843637,-18.673248775636303,0
0.6800275569424864,0.35803049716279667,-18.24755835511039,0
0.7166033835910993,0.7024593872262397,-17.33103472515157,0
0.5922571470307652,0.6591785407742813,-19.496835567228054,0
0.8478293596561682,0.6840793927305768,-17.908511603492727,0
0.7952423714974141,0.45683939241372856,-18.467834592075675,0
0.6839451825299736,0.4207394154727415,-19.081115062159444,0
0.6676243314509338,0.608027141147034,-18.461389859389985,0
0.7823683489135754,0.6096153847425337,-20.785683915660265,0
0.8585976360135141,0.5779095258730582,-18.909106408834056,0
0.7763008204649082,0.5565775096218226,-19.319384258491148,0
0.5575065039348541,3.512230690399829,-12.11265785935672,1
0.6262118936750465,0.6639037517689468,-20.73574778755672,0
0.6344490535600967,0.8956017587199736,-17.770928707788638,0
0.604884710555732,0.790344753814745,-16.908692044311763,0
0.7353408519719583,0.8554906389026017,-18.140755646675878,0
0.7140482839843496,0.43883058504659966,-17.401449751914747,0
0.6878439101222411,0.6889756486497045,-18.615276667681492,0
0.7647406902498639,0.5352351766509941,-19.865545348531047,0
0.798586288417173,0.35049199329607006,-17.997970414457217,0
0.5779470072570526,0.8244004754333288,-17.183545947617738,0
0.6522422377679107,0.5559461211441556,-19.58926575072919,0
0.7656114875298448,0.4417347554599973,-18.558272731586204,0
0.6625809052913134,0.5378154205126959,-18.2965396810853,0
0.6361435138913476,0.48056638158392706,-14.578310825658066,0
0.7814829942120315,0.4959453048574999,-17.731954566336128,0
0.5968399944220816,0.5667594914726025,-20.286688294636534,0
0.6758736153767115,0.8596222789567114,-20.583421082210652,0
0.7262915220643846,0.5000524175183061,-17.1234014036835,0
0.6540944068871904,0.8488905996328786,-15.017961628804166,0
0.762652452481054,0.7273255193969282,-18.337169381520862,0
0.6544898419842105,0.6594407345379129,-18.40898351047021,0
0.8126895594756736,0.7122180048377812,-17.483070988562886,0
0.6899402962003381,0.6020483495756186,-18.95795569001413,0
0.7537016109364283,0.7929075155795139,-21.052985544514407,0
0.7596819162386252,0.6850470394900651,-16.755282732869176,0
0.6497967997804741,0.35030010224617303,-18.735818554082197,0
0.5357210761075288,0.6444377897834948,-16.739858561014355,0
0.7288604603731067,0.7175959714488922,-18.913184148372817,0
0.7057830677699896,0.5566498172098174,-17.853865047047353,0
0.7444660822060102,0.6189383809070899,-16.974201663013567,0
0.6818778022093729,0.5080713007988389,-16.715578858713755,0
0.6655657840959427,0.3933561515904659,-17.72041359902229,0
0.8606778408785359,0.367443469360314,-17.7801130850412,0
0.5822116750791377,0.36943980193967046,-17.256352583785066,0
0.758716038269139,0.7003567113705798,-17.442996558727017,0
0.6540318513453287,0.2264577437435507,-19.549416641005575,0
0.6731377105807662,0.5000280109554778,-19.52649882516461,0
0.6746317733940826,0.4851520072131933,-20.530870923625056,0
0.6357252580662994,0.5576760696018803,-17.080190398992425,0
0.7456979368188991,0.32153526750956957,-18.4748757284532,0
0.8112514876759965,0.6605832142110928,-17.015763305548436,0
0.7376010928997329,0.40902579087601515,-17.51554731185461,0
0.7082705596969676,0.7698608311063904,-19.202912017885165,0
0.6210847600720603,0.5067351468616751,-18.144266920241733,0
0.7413460212659561,0.585658046488212,-18.54578646199691,0
0.8725079705383438,0.6005660784832809,-18.731068176316274,0
0.6695444300963925,0.6366361579290858,-16.901655209408062,0
0.6699213136518507,0.6055521566244213,-14.987107835342794,0
0.6551128695215201,0.5359334176901052,-16.660555629907744,0
0.6608468612404463,0.6514572796041065,-18.032347640828885,0
0.4803760357062092,0.6699220695742432,-16.48859068805265,0
0.7324028308684569,0.4852297999335569,-15.944516819627037,0
0.6323558258916309,0.6639551728460336,-19.670844938772355,0
0.5711789504966559,0.7787580453602544,-16.530174286364964,0
0.7602551959786039,0.7058841294156829,-17.076381577508155,0
0.6134385771966451,0.739856286247078,-16.5742571320122,0
0.6729064756892993,0.6257881273361168,-17.02405505277972,0
0.8173153912950863,0.4595774330887681,-18.27327480904097,0
0.5872627361580389,0.4785533310444532,-15.560555226980679,0
0.577392141232179,0.6479831951781617,-17.59248166970142,0
0.721544495164987,0.7414145587728465,-18.521192424833103,0
0.7919589891208294,1.0178867870991084,-17.39282638195155,0
0.5740526625814429,0.7472732916657905,-16.83312491792657,0
0.7326151789469741,0.4244346363753747,-17.886286708965606,0
0.7464799631969353,0.48490911414600263,-17.52823633977333,0
0.5352671613046143,0.9417775973933997,-17.893959501475617,0
0.7638801070325776,0.5678416602034833,-18.79209087972077,0
0.7701284703873743,0.6071271952141932,-18.986189350353325,0
0.675057154139518,0.4559374619386156,-19.683379543885906,0
0.8001877089838406,0.8347655108361365,-16.178375959143906,0
0.7909164459459875,0.6750499810980938,-18.268100697755592,0
0.7082494340573764,0.48380979781720324,-22.113090122106346,0
0.6638843687740053,0.4509262066714093,-17.52416030486459,0
0.6221737685933634,0.6460805918846808,-17.549007474591235,0
0.6969949192507047,0.6066309262320678,-20.239881219396473,0
0.7455807135763343,0.724816532583169,-18.998875449999915,0
0.6740658511167487,0.68204527096908,-19.051546841473115,0
0.5241999195790376,0.5603279476847066,-18.89072122895073,0
0.8014971115661256,0.518429760680795,-16.544668965955715,0
0.7152178577475915,0.5760086777551748,-18.178653057680204,0
0.4811693449272661,3.1040815567314843,-8.222813676184465,1
0.7685726710738631,0.5804706700792857,-16.65313206933529,0
0.8219710877186205,0.6024661392929073,-17.405582705779555,0
0.47584707444096863,0.4653103659929914,-20.08917390957186,0
0.7347410919937657,0.694601979314682,-18.739948367001485,0
0.5858680631351721,0.5444358428295495,-17.613645495439265,0
0.7399288405439153,0.4737173474571985,-19.12066816081444,0
0.7102341761899663,0.5472588857577197,-15.564534253894642,0
0.7508581221152439,0.6363387234930429,-17.8645454836169,0
0.6600601908404276,0.6124557299719955,-18.90405160749303,0
0.5501407910544678,0.6633177172356692,-19.347532372003258,0
0.6639705446994665,0.7347519187613294,-16.88696689435716,0
0.7325478108111826,0.7957410306012049,-18.777434324392747,0
0.7812313862940178,0.642822924403208,-17.54409098604995,0
0.0662493558602621,3.7213184640231294,-10.500703432396968,1
0.7821648341498414,0.5596333796204549,-17.915762650170596,0
0.6481702168282782,0.4493522423425488,-18.763063077460153,0
0.728995990527562,0.8545281110568422,-18.378473296170064,0
0.6592084837707494,0.8981101323790746,-18.95553696046255,0
0.7145736502169681,0.6975466796244514,-16.769248466630074,0
0.7713502107656219,0.7287688263958545,-18.58920477014919,0
0.6018388738169171,0.6376414789854988,-18.172148633903642,0
0.6456075282602535,0.6549083873191187,-18.114170736958492,0
0.7147970069873669,0.3603818672506316,-16.065275854039648,0
0.8921266928824281,0.5889101452114635,-16.931629695130322,0
0.6309448230266537,0.467827040648061,-17.05118309006645,0
0.8632107108797535,0.6422034806307555,-19.893463947631563,0
0.8603538642940136,0.5910585231917198,-18.787670865123047,0
0.6922151079438726,0.8920232943519171,-16.573657541005304,0
0.6761477979040079,0.7374941533084262,-19.40511697850598,0
0.6446347841068246,0.6426767973782467,-17.899183742253925,0
0.6945437975733865,0.5599590469290561,-19.278313805112948,0
0.5874624453952353,0.8514032188139895,-19.15788870649129,0
0.6939008786143521,0.5955068030810206,-15.983057216562955,0
0.8197504219080685,0.6497510942452916,-17.136875230108334,0
0.6511131950018625,0.6063374406640252,-16.820231726646494,0
0.6807420556808759,0.5393769141439015,-17.059510223803464,0
0.5639087620586206,0.605475933357828,-18.1671460346754,0
0.7299249670504835,0.3057049723982526,-18.829916049484677,0
0.7211585347961099,0.36784403981382185,-18.482508311300993,0
0.7050961887812617,0.6524445812504441,-18.230191745264097,0
0.6826538359822285,0.8352299535791229,-15.868456716806499,0
0.6765793664982036,0.6522331656216253,-19.603627717235437,0
0.7401520186960537,0.4919446717655019,-18.664393738342554,0
0.34654493760460364,2.2469692981108507,-12.205553812326931,1
0.7251977497244265,0.7176790890713458,-16.732052162975425,0
0.7171986253963638,0.5149207273477349,-15.775454088793083,0
0.7898741829676609,0.696485312782884,-17.629456368208324,0
0.7541595277900043,0.6584797737098576,-17.530780998187698,0
0.7154289474520152,0.6717450588382033,-17.89041489234968,0
0.8214737624521744,0.6050402561030334,-17.47502521286265,0
0.7336214823245248,0.6575466577454462,-17.072213805170847,0
0.8043970151032335,0.5820818398115497,-17.489231384535813,0
0.748555408670931,0.5047040198447694,-17.401398806066048,0
0.5526464736854765,0.4554751409225922,-17.06950276380735,0
0.8043867810655463,0.2422486803043532,-20.133933721506082,0
0.7108140993074135,0.5728335656393235,-17.99758928382513,0
0.6958436183279377,0.8279067274427929,-17.63374914949858,0
0.7225078677991661,0.7095120138806396,-17.50062218337685,0
0.6724013470434346,0.6341563677713937,-18.205063514140743,0
0.7181623088311155,0.48989925085662733,-17.807098200243416,0
0.6526499146925525,0.7496008838638616,-18.86388768561692,0
0.8019417806987496,0.5821036032295462,-20.129813682837277,0
0.6909129509103159,0.8362401470683587,-16.82023547843321,0
0.6693932925822053,0.4528369105057978,-19.361245923983404,0
0.626005934742458,0.48750457080410153,-18.192544635736514,0
0.7215020631318912,0.4729095083670557,-18.898955559482406,0
0.7149685680100073,0.37768224443489806,-16.095588864148706,0
0.7310739690942005,0.4594432972212356,-18.09557365741046,0
0.6178198489995896,0.6154824389648876,-18.37254775545848,0
0.5719055040950741,0.49316984627240584,-17.102560957528823,0
0.7500473042005248,0.02154370061391042,-15.412230998870175,0
0.8187713489501206,0.7611409946130182,-17.513172567530294,0
0.6178917102088083,0.3473859405978892,-18.452903353958202,0
0.8271553026849359,0.6883842427329956,-17.164087222374373,0
0.7227128846989104,0.6046821884504346,-19.88721488229788,0
0.6994349676359336,0.9176059224630513,-17.944284887922723,0
0.6681961042763377,0.7495436222283929,-15.607250814052305,0
0.5892385584460003,0.5243093106772538,-17.810703123977074,0
0.7790182812739679,0.49469046564670316,-17.87066681261082,0
0.6379514910849917,0.8254091521198927,-17.975236151570993,0
0.6376154659409919,0.3786193354347882,-18.47457153651144,0
0.7793541047909563,0.6286319903878061,-17.622611193162154,0
0.5493613242662618,0.5803319305125492,-17.069672386007635,0
0.5781121751465466,0.5485160896942985,-18.39818406298893,0
0.6985492605193534,0.6530270976672637,-20.988902085960984,0
0.7234627543203881,0.6284339790763014,-17.441258993665496,0
0.7387787718375138,0.6686101114187616,-15.440248708175876,0
0.6758561205282997,0.6208463478544926,-18.451513689667358,0
0.9024295734913351,0.6626522107525872,-19.765396059307925,0
0.6817685952987332,0.6140047789397391,-17.187104418321024,0
0.6815371078317822,0.5010859669175528,-15.907401282979196,0
0.6362410664948898,0.6006001890354893,-17.36475171634172,0
0.7099125453216857,0.492842016044397,-15.930359935000187,0
0.7491968985637419,0.48294350929037244,-17.047597745249146,0
0.7962862443626768,0.5495774995923373,-17.15177881718677,0
0.5808572588447825,0.5820865258896236,-18.621600819290535,0
0.6803203729315439,0.6052837959521716,-17.65751173109614,0
0.7357362888647315,0.7374568241044995,-18.03536514806133,0
0.7469646027675628,0.5252303876188735,-18.07648286467998,0
0.7005238926243631,0.6295277889712231,-18.30463815354128,0
0.7433939175625681,0.6177041570915728,-17.729263839049736,0
0.635282888565936,0.5087057568800902,-19.555613980964072,0
0.8246324345854685,0.6110611179309817,-17.02593792086211,0
0.7794102482383544,0.750408212276597,-19.053294351336234,0
0.5924057770347861,0.6279759325325099,-18.30032547000565,0
0.6139917561506595,0.6339875893540962,-17.603328128357802,0
0.6162462599914474,0.4942007503585999,-19.112728102074616,0
0.7542375976717223,0.8953288276807314,-20.359755674766305,0
0.5972217786866025,0.5027465444516248,-18.45965601323701,0
0.6735180532633535,0.34983248091787833,-19.71731699110044,0
0.7363763517133419,0.7290276180327114,-17.145226880795434,0
0.6947067252362852,0.5827774440527361,-19.38420428705055,0
0.7207110012570164,0.5545437268579387,-16.217813323549006,0
0.6147357830920993,0.5181669329382709,-18.00695146708227,0
0.7475883498717796,0.8807571936473757,-17.928990966486925,0
0.6509430486019202,0.6531885417907024,-20.376757594253597,0
0.6740304260481647,0.6824626832467627,-17.82616484537937,0
0.7190185382324789,0.6243923435373401,-18.096215900247905,0
0.7082462577224679,0.6405074420167794,-19.558906841910563,0
0.7019184015212474,0.8097936915839121,-17.89527799344383,0
0.6399498542418595,0.5623718008158457,-18.477507612968907,0
0.6760360471040646,0.3814593681718905,-18.26014538147443,0
0.7001746872669629,0.7302081981341665,-17.968941885367144,0
0.5899931813466331,0.6745052418363587,-18.565745055789844,0
0.6629973626949297,0.6161969719327564,-17.70425204766136,0
0.7310143903226277,0.6706129862321679,-18.103866578821155,0
0.5978050716923725,0.5443883669558739,-17.432677837936108,0
0.7925265321275391,0.6031038874281389,-18.63440951276639,0
0.8015690610079874,0.5802449619210135,-19.27790370352075,0
0.6003879539231931,0.5112767614393624,-18.850642234125765,0
0.8086095706440111,0.7783759174657503,-16.268811877377864,0
0.6885134729030292,0.38816120588732994,-16.852840168551904,0
0.7334811647325643,0.954132325771945,-16.54394504088107,0
0.6602679158297402,0.7316043313809713,-16.460743250195737,0
0.7738435861781409,0.3333036697946474,-18.559581668607844,0
0.7324875215078933,0.5663750505763605,-17.645025677509846,0
0.6348677394721917,0.5747181126144663,-17.908993196582447,0
0.6067838400027769,0.6587829943413168,-17.208553769290294,0
0.5831758051832622,0.45159325938904193,-18.34700189427716,0
0.7150353421146205,0.6048038015052326,-17.888431011490795,0
0.7457977129423788,0.581832090281603,-17.913274226856377,0
0.7520772543023553,0.48935724561398414,-17.36128512010116,0
0.6905615124314097,0.4684871652793152,-17.213139334714082,0
0.6074402835468509,0.7378206970053536,-17.88759476119176,0
0.6454340161580974,0.34551261899361096,-17.85121105912103,0
0.792187891116954,0.6716818404144077,-17.728922375101554,0
0.6612297148319934,0.7196265460317186,-16.02413829525235,0
0.7114734104545181,0.5672162492492375,-20.07599734958032,0
0.3264083470687876,2.818568852960698,-9.779887967748039,1
0.7269266436367228,0.7745242499546072,-17.19158448426487,0
0.6633852350656737,0.49427227339139146,-17.67625872139309,0
0.783737017102061,0.5097521356666314,-17.684700539818948,0
0.761884616496545,0.5256774478351037,-17.19900540154397,0
0.660343524274008,0.7747988398834922,-17.743208528251483,0
0.6898668778121869,0.7938440620327061,-18.67113897413907,0
0.6559107007967496,0.3906164648304571,-17.24542903187009,0
0.5864453442763992,0.7509361120967455,-17.974935404401105,0
0.6314046056362226,0.7228362459520925,-18.537092614667465,0
0.7158573862176656,0.8330392215674741,-17.171567250506506,0
0.7260207598583666,0.6577662048189569,-17.2187593700616,0
0.711883832287411,0.5933609819582135,-17.74228021007905,0
0.6758613556833091,0.7717825029857488,-15.939457015206532,0
0.7746453284576788,0.7048355687252648,-16.407807918275658,0
0.705083352364875,0.936734762122309,-16.79777136713544,0
0.7562603062476757,0.7438061767442742,-14.920361312629502,0
0.5580979894237985,0.6230321964635873,-18.17575608239726,0
0.38620797987053257,0.4238843429435743,-18.55776039517931,0
0.7227030422270464,0.5128624234208822,-16.96756428083597,0
0.5860187477022808,0.3846067532957976,-18.303161157593138,0
0.6830038637829555,0.5677406945908705,-17.98568674122261,0
0.6758322367180315,0.7389101389849267,-19.183103958900364,0
0.8269920481932429,0.5994493367279227,-17.272008650744247,0
0.7319997242354884,0.7532587903140109,-19.765208694645132,0
0.7132687221438938,0.650636060015852,-18.115725865391244,0
0.7669592923706938,0.5395361565368986,-18.018426885018908,0
0.7294798069471231,0.6131437732754945,-18.523246610903797,0
0.6633858405609253,0.6708145036582644,-20.1086577103938,0
0.7857180744203648,0.6208835097695423,-20.11755731252934,0
0.611219989768938,0.6226026343277871,-18.89540688800616,0
0.725859775002685,0.48464248386199404,-17.353139605485524,0
0.5761944164690951,0.5350535602136676,-17.653290166269667,0
0.7163155086012796,0.9387691194231966,-18.01972243059737,0
0.7154391713418343,0.7842699735635313,-19.061506183220974,0
0.834116396953173,0.3789238654785426,-17.59064133448667,0
0.5748020885246576,0.24495465637404573,-20.1588351336467,0
0.3329741753204094,2.815403389124567,-9.824880288629275,1
0.7658145941259314,0.7340209341638985,-18.291685861458006,0
0.7268253805117846,0.5220087243866689,-18.655261656116433,0
0.7144244041070003,0.7532488092296906,-16.78419444282305,0
0.6235091437633168,0.6089481847510626,-17.8104194666726,0
0.6527345321526856,0.5755408080409538,-16.019117628000178,0
0.7996032806578605,0.7134172764262772,-18.65785808243455,0
0.6958792644996857,0.5202186310646596,-17.415873250173405,0
0.7300287756915578,0.556994051729452,-18.302732555298757,0
0.6907849336978816,0.7005250893195694,-16.341936331042636,0
0.6053531587800187,0.5952906094400964,-18.244860536548895,0
0.7747048340859997,0.8863164410066604,-16.974711863825082,0
0.7402585907625997,0.7040738119284027,-19.293142757428992,0
0.8844509469893751,0.6943220742499142,-18.498255171758455,0
0.6187534896279563,0.5925743030902397,-18.10085209431296,0
0.7658058336960384,0.7312132015064409,-16.48389895204464,0
0.5950764827170398,0.551608834079753,-20.636624329209646,0
0.7125877254138462,0.6423566626799273,-18.399173335734936,0
0.7781205271250531,0.46255604294931596,-18.43977615171276,0
0.534229190712281,0.7559162088345888,-20.492368226873257,0
0.6836054020606713,0.6435907045892687,-18.55684291289618,0
0.6549432212765903,0.8973769595546814,-19.848800557429552,0
0.6438434161363902,0.9588447575504637,-20.79679617364487,0
0.7308170121807482,0.7144979177149722,-18.31477539419439,0
0.7896548565138076,0.6102637966811855,-18.355374144964628,0
0.6893377027816675,0.45809032318116466,-18.2939442995512,0
0.7164389142048015,0.7357124704888236,-17.696570104921978,0
0.7091447002447397,0.6315426845842842,-19.05527618785644,0
0.7001442805085131,0.6807052258731693,-15.850972783864895,0
0.6128525889830314,0.8594681081184364,-18.039952809757803,0
0.7886755681378314,0.476336506700498,-16.456283444326218,0
0.7236156294527069,0.4613543747277995,-20.015879089786456,0
0.7315905192002061,0.564536109244398,-19.00143558011025,0
0.6354792296779533,0.7231801724627734,-17.176422233946923,0
0.6632623681608607,0.6832300860321732,-18.271877130813518,0
0.6859092641831377,0.4656467232456341,-19.28781526484756,0
0.5772700245240918,0.7134829351053723,-20.206355878372896,0
0.5649572539841857,0.41981807716601055,-17.120155593311562,0
0.6519401655489145,0.47433874884767135,-17.218077294061374,0
0.7418016613153912,0.5826814024216216,-17.708015170296925,0
0.6477490088056047,0.516985313103717,-18.5950874289431,0
0.6184955841927429,0.7334789232976402,-19.335708033155765,0
0.6348251477409863,0.6429567724501641,-18.063577847876044,0
0.663572606148375,0.864834176644089,-19.57838232437448,0
0.6716912829743916,0.5629221951968378,-18.901900896677507,0
0.8732417161765245,0.5816696773438885,-16.486499302320542,0
0.7843696502789854,0.7815573913592644,-20.2210029157577,0
0.7819819289825382,0.5863618795314306,-17.186966607719558,0
0.7934864291418705,0.8241007871561319,-16.206964858261003,0
0.620094330453276,0.6811242315576738,-17.020488336740815,0
0.6022108308010208,0.2470820295171961,-17.52214454588822,0
0.6114503766772754,0.7766355621224196,-18.55628741540535,0
0.8067604906670269,0.7369090219679713,-18.775065665320817,0
0.6562246568894007,0.7426998909165817,-20.697757039275984,0
0.599891505420857,0.3133532432182113,-17.955591983679223,0
0.6655203039824149,0.5005515058093428,-18.482688538474914,0
0.6809115574628297,0.5116942749664846,-18.83764129041829,0
0.7214730618955649,0.4738317948659411,-18.024097234654814,0
0.7200760816569634,0.8612883797840907,-17.925156623754415,0
0.6337455548901193,0.5982348243264549,-18.762668756840466,0
0.7548525114010969,0.5945158586056244,-16.064303059827857,0
0.6488645172999873,0.6828012465473668,-17.12327666506509,0
0.6874978930635965,0.6853952501834073,-16.924465729952065,0
0.7549419256402684,0.09976609340612552,-18.12396334036729,0
0.6486542876844527,0.5030463694275955,-17.38651712128663,0
0.6544518861135089,0.3880817133313085,-19.074845520718277,0
0.7473334439754504,0.6600459139732229,-17.20048975169963,0
0.6313813458715984,0.5566661378498928,-18.24528312877649,0
0.6692166381116743,0.6023081346751903,-19.22638024201719,0
0.7444593742434313,0.28822203766642157,-18.027320005463075,0
0.864327395314878,0.5535221662964253,-18.350464836299867,0
0.7484323603810197,0.7672695377749222,-15.2123168073349,0
0.7378111810392008,0.8114174224653251,-17.477526901824106,0
0.7424641266938183,0.707829512931105,-16.104339039062133,0
0.614144778074636,0.3996802059827822,-16.642455472369527,0
0.7092477390943926,0.7889102704488186,-17.954663280243,0
0.6976186809330878,0.7086003382500023,-18.532463043516053,0
0.7257267632298204,0.5824216448903192,-20.088271897440386,0
0.7093206441980696,0.2962445528235384,-19.045132260797686,0
0.730375974193369,0.7430392425993775,-17.204695850694943,0
0.6750826244080639,0.5111750505024931,-18.362556462144845,0
0.7046887133897434,0.6519248731582171,-17.54901560911387,0
0.6017737147154406,0.6102590790954994,-20.436330181616803,0
0.6744074177597669,0.8307592476657417,-17.45578218108315,0
0.8112666838541315,0.5811949521003736,-16.68422213136086,0
0.28919938570626763,3.1684634831738103,-10.794472504654474,1
0.6983263170093538,0.8367923085717944,-17.55412331237184,0
0.8516898621003477,0.5012666634374717,-16.387758415669847,0
0.5911332017359137,0.7221484277111665,-15.983896020792642,0
0.6112435555643023,0.5702076415682303,-18.60419888502955,0
0.8370169129021018,0.4496187056992606,-17.06408358646616,0
0.7036768748839146,0.6001741480081308,-16.2842522159935,0
0.6805933570968165,0.7037557670411981,-17.518342331063547,0
0.6040636539923485,0.8030564759964767,-16.457906893203827,0
0.7358157013116009,0.8212040978018523,-18.04303398400596,0
0.743556789562197,0.5557853888661701,-17.526823027475043,0
0.6124404511332082,0.45191261519516795,-18.745931071754644,0
0.6887779531559657,0.5521891650633781,-18.19752018920851,0
0.6731587334373547,0.42277038700047664,-17.479540596148365,0
0.7204781717135016,0.5673920700875242,-18.83594319005492,0
0.6104599806223484,0.5487502074570362,-18.268303647768906,0
0.8001557963610525,0.7091235306235147,-17.086951582863836,0
0.7732659025278084,0.26910972301284325,-15.53693096018868,0
0.6709459553013747,0.48995880808700404,-20.459326189978288,0
0.6826865030689303,0.49117225433371264,-15.62810799921166,0
0.6890862279777906,0.7780690878612038,-18.311846117307322,0
0.6377353157594797,0.43292334338984745,-16.842120157167138,0
0.6645256465411971,0.6339986039473491,-16.606688760009913,0
0.6783783705860312,0.5807807378370328,-16.122603871271345,0
0.8290294696565702,0.7564563790254573,-18.873554237675748,0
0.7757294646664349,0.6893747796765821,-18.27032556974136,0
0.7747723765869299,0.6181865597730569,-18.064315318743486,0
0.7295940490403512,0.5167999688117897,-18.428920610996812,0
0.6106138392855012,0.32214862453351856,-16.417486830193035,0
0.6966807116338096,0.6370628483531108,-18.09219324121376,0
0.7776390767690704,0.6795734697794809,-19.942257197770044,0
0.5993388296506169,0.363769858128802,-18.759616586776517,0
0.7509242565498611,0.4149458753507176,-19.894080032036257,0
0.8858087380210212,0.6378494960057514,-18.27400654403201,0
0.7849453316791785,0.6508712529311805,-17.192940390518476,0
0.813122330844959,0.45140290348619105,-18.785372006764426,0
0.7174671000353728,0.5138902929647943,-18.483639557561492,0
0.7774345559011991,0.324526674214436,-18.329718350805834,0
0.6425717428516771,0.806589585571985,-17.831109007397707,0
0.7636691049872981,0.4050188388947321,-17.38070066563737,0
0.752351050724861,0.6813389086872825,-17.03129348647756,0
0.723192893923013,0.5947558955769929,-15.293379620476173,0
0.8052805935774798,0.7934390429437138,-17.851804882799915,0
0.6568972129722088,0.4811618860837865,-17.117048335224343,0
0.6850353986821069,0.609187906551058,-19.90506809721393,0
0.7076369633086637,0.34523596361439746,-18.45501958267864,0
0.6176311223128479,0.30922097445903696,-18.324500272154488,0
0.7181545555040197,0.689450037579821,-19.220777866784523,0
0.5624855669636922,0.3322461241395447,-18.643191277641044,0
0.7837563627542568,0.5657673698348203,-18.128981661186753,0
0.7037309893252772,0.7516943171959379,-18.605596048997768,0
0.6583285676876989,0.7120027284142019,-14.877798974594208,0
0.6332501110163902,0.5003121768077109,-17.385269590106724,0
0.6812336776304649,0.3617245295387741,-15.598772713368797,0
0.7550607768617931,0.6764242292483292,-16.208818585399193,0
0.7438191182990048,0.8013385174290271,-18.767095360140463,0
0.6435569642177231,0.5006642882001564,-17.954927439096227,0
0.6323168261897892,0.4795030712389325,-18.521789545289494,0
0.7525518965055717,0.5212647055696502,-18.194187311143597,0
0.6422122076307976,0.6857413066210674,-19.171720403026477,0
0.7047927819263602,0.784277640962237,-18.529842395004266,0
0.7099003714019421,0.4140589782929216,-17.568577342160115,0
0.724964970538139,0.375257728601302,-17.600253531669356,0
0.7686616344145497,0.9509994482898672,-17.69591560174048,0
0.5989629650506141,0.5734015818164941,-18.071609789860272,0
0.5471072539791609,0.6379339193535464,-16.96710908971567,0
0.6546042175017318,0.4962103739073541,-18.308451631294247,0
0.8441222726265749,0.6734943464179074,-16.33013719228606,0
0.8617739280069903,0.7440091312052284,-20.217117068421075,0
0.8464941708452709,0.6449694257359394,-17.21182677122909,0
0.6845614905791448,0.8611287115521652,-17.413954665303173,0
0.5574307934412137,0.5509883115088362,-18.80947986870186,0
0.5125568718678527,0.5605676290446936,-18.426277232226333,0
0.650876947076047,0.6347109526916124,-17.442250873069156,0
0.6841541095880511,0.6697442468259145,-16.9008777034215,0
0.8040500320844767,0.6341920893093914,-20.099355801997326,0
0.7694244367633956,0.40733774595673633,-17.246104718814895,0
0.7181924063193296,0.6468772749293342,-18.54918142266907,0
0.6288124183247086,0.5438739622794844,-16.649652270841738,0
0.44695690257529064,2.347237370564036,-11.325136078159515,1
0.7203302149657148,0.6048723082129865,-15.065641241854552,0
0.7557640783071781,0.45577159690061786,-19.063367919616915,0
0.7313505009796467,0.42969130141901524,-16.284046575852386,0
0.6172321632314676,0.20767965599942256,-18.0830215436794,0
0.7520534103033668,0.8620855992764836,-18.982400084640155,0
0.7340728773681129,0.6833596978654504,-17.681863193542306,0
0.6143466875047857,0.5824853818040542,-16.765049466052357,0
0.6372543223759795,0.49991651446700275,-19.863245760893715,0
0.7550796779649253,0.16859515769303746,-17.15809338085559,0
0.6812393971883287,0.4907206685667773,-18.014614198388507,0
0.8271317841309165,0.7073799505746114,-17.3075471009204,0
0.7400903420851661,0.7413261455390803,-17.986829571193223,0
0.6610695049448584,0.6963437990404953,-18.686242606505584,0
0.6991835519687254,0.6237587933628702,-19.335747901646254,0
0.7050706714110174,0.7955811218897069,-17.19282586554357,0
0.6417287749406632,0.550719416686719,-17.1992736093614,0
0.6269929441457898,0.7627783374201542,-17.20527330277103,0
0.7561111915047599,0.542312633441968,-17.486884416671312,0
0.7676218637633676,0.4678288036683356,-16.866361353792637,0
0.7483025175642366,0.4491430529366218,-16.312716864276428,0
0.8212254475459041,0.44032553682405706,-20.251701416887823,0
0.6566581411190718,0.6988602043203728,-20.810156932642904,0
0.8339416612856904,0.4885881643354382,-15.938463168144427,0
0.6279263105156677,0.4450456732447584,-19.609255817502227,0
0.6189851549305205,0.707060282949204,-19.303491944147545,0
0.55920328942806,0.6491955585708349,-18.34513717424991,0
0.6643363748938546,0.7443887974268703,-19.984765894455723,0
0.6597022130536436,0.6768899266909197,-18.457904036769165,0
0.742074982420372,0.4870332629704032,-19.1377264129472,0
0.719511275329636,0.611415362470288,-18.280009043636408,0
0.604562130318469,0.6187699486154515,-17.66419043411148,0
0.6685819009259345,0.46212620122889964,-18.412245870515477,0
0.6702830383129851,0.43430625388590105,-18.472856742476576,0
0.5579214202430485,0.4978917586323443,-17.690405043850024,0
0.6215242618389304,0.9054873535008121,-16.746849842460062,0
0.6383349095508728,0.5380883858667677,-16.076442783694002,0
0.8146900015856757,0.7849300187080072,-18.262245904802658,0
0.7153160572765882,0.5297009235780303,-15.810133017692117,0
0.7529735003157999,0.7333258229309988,-16.947951798286503,0
0.580109160228063,0.7353737483336771,-19.47841014476781,0
0.7955371586411193,0.7428885761928067,-19.513449906736412,0
0.8040881650419274,0.6581741013013438,-18.692745420723202,0
0.4211410579465495,3.5422905852872297,-10.51747150582877,1
0.6435746620867321,0.6567530954029092,-18.601640778678643,0
0.7396612458412408,0.8570294594010419,-20.270828189407528,0
0.7515510762830545,0.35701202952173494,-18.27466105066525,0
0.6457204215610222,0.6522429371500227,-20.376686361072487,0
0.6755600429557077,0.6424985388803499,-19.265982776324247,0
0.6522095151163885,0.45952202312917634,-18.704434087551103,0
0.3169909808298563,3.368116876987708,-10.004547989526017,1
0.7957742825169529,0.37648759866350723,-16.771005208071745,0
0.6383166274287035,0.5018723511359506,-17.167036867953883,0
0.7800656398214731,0.3001368280653288,-19.415189758136982,0
0.6374662342122489,0.8337939775444222,-18.446054714598784,0
0.6321898230002492,0.5652675759082056,-17.90834929355692,0
0.765487569467457,0.9250326052224467,-18.3146485493358,0
0.7737549102406093,0.7204424889779242,-18.323154271041954,0
0.7681127949410123,0.6672147320026537,-20.067291989585126,0
0.5947362073425486,0.5120658458578501,-19.38328098136757,0
0.6627239217542359,0.443047494646887,-18.48352781896713,0
0.7658390873602656,0.6784457360845417,-21.711870809934194,0
0.7033233472451115,0.5892728986090526,-17.231226815988176,0
0.1395250494280985,2.387150724051809,-11.228292253848817,1
0.7366654351300352,0.3724712375237522,-17.175794240081835,0
0.6428154192806823,0.45619444062846237,-17.28130079463491,0
0.8435619878713769,0.8731450837899346,-18.65243165173486,0
0.8235873169934607,0.9319916877016956,-16.799342009158156,0
0.7483277941084453,0.6307483720963365,-17.10816318609008,0
0.8088805363815819,0.6223414194361933,-18.37075376500157,0
0.7051833080098704,0.5495519442255719,-18.506111538230037,0
0.7612349995500012,0.4598271977535746,-16.68332065720277,0
0.818217623624166,0.8062768586410866,-17.7215833927108,0
0.7196398945435449,0.8810364590845703,-16.74636339795823,0
0.6795850262788573,0.46598713712410716,-20.866768889223284,0
0.5636302433458307,0.5875742432363097,-17.881817883576645,0
0.6933493179422804,0.5325200548934748,-19.89289090436325,0
0.22638642039695372,2.2241605991002396,-12.834512872015768,1
0.7756506742054103,0.7778862383144793,-17.14341574998494,0
0.7403492052574727,0.4032057681950817,-15.913031825101077,0
0.6566960724030207,0.6699704536404459,-19.125800074124623,0
0.5418542744841928,0.7092357160958798,-18.63084576636238,0
0.6603827921596211,0.5786773239597272,-18.114639488490646,0
0.6756524103156838,0.733960174048016,-19.16943732175427,0
0.6749656826247988,0.6221477760806176,-16.825728325452893,0
0.7494845085582339,0.7825694881734168,-18.084113454438747,0
0.8588541128811871,0.3716692042611219,-17.853651571948745,0
0.7098823361472874,0.5476837108489696,-17.25579224787101,0
0.682661456867483,0.5892280285723448,-18.08605381965049,0
0.6792622549596725,0.19916889232929763,-18.98104695381104,0
0.7099507813526171,0.4371070899632198,-18.07562428595816,0
0.633736499172128,0.47796011184618203,-19.027417631416068,0
0.7096158846996844,0.7422308992235024,-17.870422933060215,0
0.14255136489836884,2.499257225499953,-6.698799247095266,1
0.716774885085959,0.47728815190410345,-19.409973950726798,0
0.7366033547203824,0.7226228670984287,-19.83884520173051,0
0.7346998087478828,0.35731340313149185,-17.94090007689639,0
0.5582482654202845,0.28931338988346417,-18.921359540092688,0
0.7509496126716322,0.545761154989598,-17.961905670705637,0
0.6463188123470036,0.38284398478824666,-17.61551577526836,0
0.6123328669596834,0.3885481058010526,-20.57242347471425,0
0.6116438537716002,0.6860150687531973,-17.17218068680975,0
0.7346833288378023,0.7313960756868868,-19.4036022035463,0
0.6821940058220117,0.7183296323778188,-18.026817540677627,0
0.5654424972811671,0.7663164990460849,-18.791258802526116,0
0.7382430252153827,0.7861701480022203,-18.662348417741153,0
0.5848313495360937,0.28071146867596036,-15.967250472458414,0
0.7111857086814568,0.66756179398942,-17.616878975045207,0
0.7190799140538443,0.5205587700645662,-16.91437391645569,0
0.7708461665356036,0.4878863631014346,-17.81887037495671,0
0.8425347829173481,0.6840621948313058,-17.255983710414057,0
0.5908258939279566,0.34045567801563725,-17.499145965427857,0
0.695802091514956,0.337333709119152,-17.69465262637581,0
0.6778931763964625,0.6950359116122575,-16.671412909002385,0
0.734699974876877,0.6731679026266346,-17.812193455386875,0
0.7172535016746895,0.6205098983807266,-15.257821713338753,0
0.6717963005810703,0.46801298929152946,-16.847362112625074,0
0.6647278249111315,0.7115744451873186,-19.36744883728763,0
0.6106839315852761,0.7020454338090714,-18.21185965077958,0
0.7790289265925207,0.6127956772571181,-17.523506880611198,0
0.7367363345279623,0.4234018438095343,-17.946603797145556,0
0.773421455823611,0.536212748140574,-17.175751897233397,0
0.6751683090819589,0.7256750516286664,-17.043579954199352,0
0.6474531625044455,0.799078683420268,-19.631504382958756,0
0.6137347946696617,0.5510195094935507,-16.462706946340205,0
0.7287134066992527,0.5625490548287606,-18.596180958583254,0
0.6168165420377412,0.5757466337962408,-18.71508540703771,0
0.8478930455173239,0.6412339513366458,-18.718946871246647,0
0.5953885935125247,0.5128399049909964,-17.0297083128113,0
0.7218928095370001,0.16587224136426243,-18.320481237777344,0
0.8253483765771028,0.7789153502470645,-18.796261973205247,0
0.7479271807411046,0.8692033420743823,-18.508750988932245,0
0.7140538969993423,0.5081400210591431,-20.153629990699052,0
0.6225213082430483,0.44000199466218387,-19.010596516741785,0
0.5894584649145836,0.5794349216414667,-19.48750025838372,0
0.7616040087134068,0.571874417440684,-18.32300319659507,0
0.8204917792619957,0.7493277865744439,-17.202968075671688,0
0.6648920007617463,0.6081959162467556,-17.33534891888013,0
0.6088750793906919,0.4811065754443225,-16.4918994029441,0
0.5033464455560784,0.4022385824162926,-16.759229019244057,0
0.6215388125069969,0.729845127722951,-18.63431605790205,0
0.6909074526000767,0.6899266861746374,-17.977114319095545,0
0.8279298592669386,0.7590839817137728,-18.0390673130657,0
0.7538506953786375,0.4547719873918359,-20.581263219266265,0
0.7244068323765402,0.8757655349292494,-19.460711444291693,0
0.6679904270959095,0.3384458239414144,-18.200744012581335,0
0.6533467426195234,0.7064401532102219,-18.20747572216897,0
0.8124518078006371,0.31356258492046474,-17.3852099349538,0
0.7160590832606711,0.4814502927452298,-17.443630044556983,0
0.5317919446463182,0.8341534395671938,-20.12483100251968,0
0.6461168281682206,0.7247046381713984,-17.377683918650963,0
0.6313427174582698,0.5180669376769227,-17.785695352255484,0
0.6562988792658028,0.5221744435767468,-17.251952182026447,0
0.7450328528228067,0.6150933166253163,-16.719761294830093,0
0.69140440945646,0.6771211486141084,-18.171459567345565,0
0.693850767439707,0.7877369074024044,-16.505294115623904,0
0.8050778529060189,0.5315648993087259,-19.067280544671657,0
0.6442831128170649,0.35823224047691976,-19.134885744446663,0
0.849135962070988,0.623545294057314,-17.48547337183735,0
0.6462953926903131,0.5313853743737408,-18.442521054366217,0
0.2095760433738411,2.47582868326259,-13.179816113536448,1
0.6775037123677786,0.6446503372969191,-15.60842145618661,0
0.7098735306800769,0.5680329368860816,-17.52780591179523,0
0.7355673596058503,0.6459768309704691,-17.745396553363058,0
0.7347068192071101,0.46583336997192293,-19.04306445438222,0
0.6397506135503536,0.6730065795488248,-20.039975767949215,0
0.6101668258041943,0.4024352704867532,-18.087055938328213,0
0.9002537432724569,0.47584029154551255,-16.719755704070163,0
0.6612812528319557,0.5635628653369084,-18.38752560847281,0
0.7559369950937589,0.8612727622439571,-17.518245000953556,0
0.5713886951581442,0.7177238052822741,-16.2882032727377,0
0.6776309824076258,0.7615788756401685,-16.318180424123568,0
0.6898240492814045,0.8125615550014716,-17.48542093487786,0
0.7378252055942266,1.140424820371631,-17.795872225611188,0
0.4822036687206448,0.6062383601337651,-19.82235965880369,0
0.7132912490462664,0.8130601384694783,-18.756233573012327,0
0.6080206835705685,0.7518952881602912,-18.336906969621687,0
0.7259476568955938,0.7494048754961289,-19.022797933720984,0
0.6170936642529469,0.8661359427060271,-17.701856084456683,0
0.6315613843259534,0.5371030453523286,-15.706022179816678,0
0.6781097911685385,0.525197246409543,-16.17868608880606,0
0.6158136424317443,0.6479648270222792,-17.707344165802553,0
0.6619572442611715,0.5725950342117169,-17.064679113570207,0
0.6045299385165347,0.6477751279497259,-18.87432517842734,0
0.5533463638641017,0.8344123177579517,-16.24309277919744,0
0.7814365641943487,0.5282779915940582,-19.874359915134217,0
0.5963161045740857,0.5542981556109404,-16.904606206696606,0
0.6857055289913613,0.6261466505289865,-17.40529234776027,0
0.7602312865195028,0.5657522360962246,-18.90703126410531,0
0.6508044717987165,0.3128991257979769,-18.250544108085524,0
0.6339867280203569,0.512980853595159,-19.36110324378727,0
0.7180990470933937,0.7031059863356256,-19.309968057362678,0
0.7894347058181721,0.8156320126398969,-19.909264800748716,0
0.6064547787930824,0.426807214869341,-17.078983317359146,0
0.6879881734386049,0.4261076401153735,-16.55358603668798,0
0.5614004324026137,0.6045350704076004,-20.59416943657611,0
0.6685439197054247,0.2886607402683245,-15.794033380618192,0
0.702736374763046,0.5332544695519309,-18.01440988396421,0
0.2647775357002676,2.7386401898694444,-11.436196278692602,1
0.6634406532939814,0.8053591949763698,-19.76689540270209,0
0.587341858535404,0.4846003268474393,-16.415009099802162,0
0.7061662889105195,0.8479251279508541,-17.759699888199798,0
0.784455539910652,0.7670282030187509,-16.633408512274443,0
0.6122284904183628,0.5030524053453874,-16.534970015222708,0
0.6501862586758094,0.43920605447308836,-16.398150692734475,0
0.7402036997163345,0.5709681376248616,-18.777936931022644,0
0.7969672575458189,0.5843030063612695,-18.249554409471845,0
0.5805448150232855,0.6519220415928602,-18.734042489675417,0
0.6864972210067241,0.48351850657047313,-16.92588424471046,0
0.7226504657855619,0.7119592310283305,-17.60053292476351,0
0.6918354887496921,0.6397992082499849,-16.717026163184116,0
0.501856634649833,0.5489407264926204,-16.664713436331322,0
0.7400872007447017,0.4931939016872965,-20.072711389126688,0
0.8215469080872515,0.5722672525351971,-16.379075843335354,0
0.7093329400935602,0.47746481222586457,-16.85896685068114,0
0.6175115157364589,0.6087658042325381,-18.443069859822597,0
0.6589498202908574,0.6128158027829864,-17.580248680164445,0
0.3809894779380634,2.715049348423397,-9.47053740899961,1
0.7727970032688447,0.8649363614507781,-17.26073318564259,0
0.7512021294707463,0.5801332920450641,-18.44567565684585,0
0.7285130066827501,0.7506896800686723,-17.42528731059707,0
0.6471090310247222,0.6344381095463553,-17.919233634408776,0
0.6839543055475384,0.5642633547152319,-18.518632684194365,0
0.6937661811457186,0.5821261095073149,-17.77183650611753,0
0.7439659452851555,0.5911760386247924,-14.752236511813491,0
0.8207135115413522,0.6419651561592324,-18.822643955790817,0
0.7894670509434502,0.4561018852171545,-18.299932309513885,0
0.5864492515363167,0.3801989424832549,-18.801734879559636,0
0.7179195975120839,0.6981446090211413,-18.6758596626331,0
0.7589410676134317,0.7347185748871888,-17.02107077593757,0
0.7495088264115708,0.7118453749204204,-17.14094104843672,0
0.6496612989290064,0.6232458027834709,-18.00703620398557,0
0.9331287372614689,0.7150836941179932,-16.768444097677065,0
0.5978332350135105,0.7070143539025713,-17.04786804540683,0
0.6133449242667159,0.7181444038432432,-18.194801023231456,0
0.7186876065009261,0.4710688767986829,-19.84063769015305,0
0.8693442443971082,0.43545723042680534,-17.004260390461198,0
0.6331044119436663,0.5417146129871594,-17.79640245479763,0
0.6787337307482406,0.5973923835686017,-17.97333184355929,0
0.7861834938412554,0.5637118309301565,-18.559257624011657,0
0.6985710276089813,0.31849645029931867,-17.106421261060422,0
0.6732316916375763,0.8582538918202713,-17.5818044970858,0
0.7452506321509376,0.5588931016671397,-18.284193651362756,0
0.7218014392183674,0.625905662486543,-19.470545456662695,0
0.7824351028509433,0.7866823486144587,-16.718485077743907,0
0.8033175111252291,0.24825415957181923,-17.274113732212946,0
0.7245602448004289,0.5232459192132431,-17.693516520065284,0
0.7233386180302647,0.5419324089630293,-21.188128794136798,0
0.7171288785828906,0.5495534931824033,-18.045473108539273,0
0.739130444531943,0.573977011392907,-18.289444444170798,0
0.7044136510297171,0.8170702197667267,-18.74219482206521,0
0.6999513214142168,0.7010188313590834,-17.09491766572286,0
0.7957301696661794,0.7437052902943244,-17.142167958999266,0
0.8212892944284034,0.6070680407716386,-17.475810339369133,0
0.5793957644293263,0.3900940430781748,-16.75453090227871,0
0.7008016921392455,0.28804544472809895,-19.22675821684061,0
0.6449044453243812,0.37058884151525534,-18.544384868123167,0
0.6751222826811142,0.6539648556249029,-17.910249284177034,0
0.7322012967788256,0.6047654569046452,-18.746402423073498,0
0.7535550697233975,0.5684754528665988,-17.12739693395575,0
0.6910298845110924,0.5447134639889795,-18.626641017758033,0
0.5469327732221757,0.901758236316412,-16.441955994663896,0
0.6227963535539056,0.4765644613535288,-19.11739128210023,0
0.7717199736160132,0.7391729184174088,-15.441619620599258,0
0.48076588623720545,0.6002869404031491,-15.564843173277094,0
0.7949941721345599,0.5908590732321004,-18.113703775578415,0
0.23010486020061238,3.328484112090533,-10.602182852062521,1
0.8052940865224018,0.8193795574037167,-18.48051367261033,0
0.6841144650495231,0.5640675814672742,-16.784056202122386,0
0.5350875660781675,0.7198804078863212,-18.211173997748126,0
0.7344290113205199,0.654583704322508,-19.54252787821018,0
0.8019722499230673,0.6011155708214871,-22.23938182521468,0
0.7739777444410736,0.6306382413985538,-18.32245613528473,0
0.6469846813209571,0.49679867777327436,-17.66512498957765,0
0.7069408860370117,0.5540850910003373,-16.40362028875654,0
0.6573730984976061,0.512904708037094,-17.95604996141833,0
0.6344586828648502,0.7352065074643379,-16.796507838338893,0
0.776431085694388,0.5857198326688406,-18.544729856665832,0
0.604197415098787,0.4053428963077442,-18.404734763437734,0
0.628494685553471,0.4914844165255368,-16.735157180965697,0
0.6116779493222091,0.12011030321817329,-20.957609381603127,0
0.5807801981360762,0.5258261097176777,-17.9844194053165,0
0.7117131433474082,0.6056467597645724,-18.47995361946704,0
0.7929202438785581,0.5795796226699539,-16.36726655417726,0
0.6852098595003787,0.8970231527297088,-18.633895553975783,0
0.5795401759548666,0.6862359061372555,-17.380098036515886,0
0.7671955631793621,0.6795677779633726,-16.894179636798366,0
0.8348561403227976,0.35350964481445835,-19.791115192956493,0
0.6483006140682724,0.5453036918824301,-18.16724436992868,0
0.6617156586625825,0.5270005789014456,-18.517963720903126,0
0.7412528504066715,0.4820878201787988,-16.864448103804488,0
0.8297498998228041,0.480017900172998,-17.189901791025367,0
0.6584132683419819,0.32878155690875643,-18.279842436071018,0
0.5934040175201436,0.40862201929780073,-19.25688966049926,0
0.7505134885017924,0.7311140104147423,-16.754223964775893,0
0.7639254458513839,0.5785627962010227,-18.081183331918538,0
0.7004905160348182,0.5240396372588498,-19.942051878800953,0
0.6553493392274039,0.5991882998020938,-19.83885647876391,0
0.7795502984793636,0.7751086018051726,-17.474839883912427,0
0.7422428803638371,0.6006315781313678,-19.530967431318622,0
0.6385251586477205,0.6810561196396556,-15.768423007675665,0
0.7039275785044536,0.4730092736417614,-19.124484341231195,0
0.5918633974380282,0.5072055073879921,-18.00043287042873,0
0.7548712365150335,0.6530965327595513,-17.809065640607635,0
0.6790213144493715,0.883898056250567,-18.875253287084213,0
0.665143133409221,0.8144662289272311,-20.687792436693563,0
0.6973700411878052,0.6874242104184208,-17.770925882860528,0
0.7032246159464198,0.6227150640241077,-18.903887988122708,0
0.7715944049252448,0.8101604033440756,-17.860153886860267,0
0.7472872425060176,0.7192017484567685,-18.14679726268645,0
0.6874872576965757,0.2559506966444008,-17.684050502313838,0
0.7610934519775195,0.44191037282171663,-16.125755855212727,0
0.732058980295329,0.6507210488036897,-18.655419615272546,0
0.665872029097117,0.3319548651673542,-18.562613585210997,0
0.690022547341081,0.46536164928647067,-19.99895676330467,0
0.6881421688925503,0.49502775845130387,-18.234220741319152,0
0.7404209074539361,0.5615751140631249,-17.50815601287004,0
0.6706381908222686,0.5568854687660688,-18.580193853085234,0
0.6687672650862693,0.556631935924976,-17.50028339951341,0
0.8575005847547167,0.7237961275860471,-18.21301023058703,0
0.7751788385397683,0.5602164201824198,-19.562719485562788,0
0.6391519468459889,0.5423054801893149,-17.625617914580275,0
0.4283358710524031,1.0382794337331307,-10.929515472389387,1
0.7094680052524142,0.7536519302978737,-17.85269061430877,0
0.7313240940208074,0.49927537290787705,-18.6803398598525,0
0.7109873059652083,0.43694545079980873,-18.786483027589075,0
0.7951714116388189,0.6319635862303457,-17.81110703093644,0
0.7276496275721156,0.48495881064254054,-18.27671989445056,0
0.695032904142857,0.5211070890308559,-15.930866100996882,0
0.7833752461586414,0.6387690261478604,-17.041523385406602,0
0.7186628032870297,0.5510276064330666,-17.345994888638774,0
0.7097182863463246,0.9467414062950952,-18.212976961801697,0
0.7251218081988892,0.5887757185021203,-20.43122813817181,0
0.6925112781306907,0.6926757328318833,-18.969113913141214,0
0.7007381594396375,0.3087458928760582,-18.77675214310118,0
0.6530644328990501,0.47090263021279044,-18.329981263547896,0
0.6399066224300897,0.4369629457624931,-18.040031399267946,0
0.5073734216555106,2.362001997051954,-11.804297760309673,1
0.5886413370562339,0.6623306990755503,-17.67222532671592,0
0.6296226110892355,0.7553347601666114,-16.608956170236116,0
0.6860586372426459,0.6516945756951766,-18.3742823682231,0
0.7082494065956509,0.5660033064650536,-17.691404466995806,0
0.6782962749481887,0.505371744193137,-17.587386926665438,0
0.5115437207898113,0.7670399626779764,-17.705128458769693,0
0.8259669086209873,0.9106883181232293,-16.46173170247183,0
0.7869184098312305,0.6202583557175536,-17.03547081270337,0
0.7356607880973702,0.7409044596107358,-19.583283863401707,0
0.8525992538042614,0.6515055524693212,-18.13719731887121,0
0.6218108706013031,0.7133257359698384,-18.016768418675753,0
0.8510100096500803,0.4253179832834825,-15.418150723565994,0
0.6227828738599561,0.5267795579786814,-18.395749417494564,0
0.7190990340233084,0.6593204160068376,-19.178980684003417,0
0.5980930139892636,0.7818736416122969,-17.474009484628027,0
0.7011755276435493,0.47727986675434875,-17.403617136451466,0
0.730893319839871,0.295005133343981,-18.08852743647563,0
0.6876247735092356,0.5252603360338126,-18.264313203565067,0
0.7571101955272109,0.7515196071522374,-16.861315252725497,0
0.7079211559589805,0.36241566133682257,-19.024317785111784,0
0.6582068217297992,0.42346201618026236,-18.409144011442244,0
0.6546549345758128,0.6233877879076668,-18.626579834536066,0
0.7648731018092557,0.5826043120857803,-16.687326482855294,0
0.6477006376154426,0.689169972232984,-17.657406956056388,0
0.7732322376387949,0.4156909859331631,-19.277992916785525,0
0.7978169434265544,0.5512532108746998,-19.157407671915323,0
0.5665028910123096,0.7792778103604646,-15.75190185166542,0
0.7906341109840828,0.4210655709544824,-16.700138702271552,0
0.8648338158755758,0.8215368444465403,-16.990139662171824,0
0.7201603008961542,0.43988745211669666,-17.98530367083199,0
0.7479267348235857,0.7274072366066416,-16.18983211185551,0
0.7829604259495326,0.5440562234680312,-19.32408574317391,0
0.6779614147856782,0.42826376135415345,-17.096438985354613,0
0.7145824178830296,0.5254651429271102,-18.531928207830674,0
0.5948640376301512,0.681739378226849,-18.298671983586274,0
0.711090802282436,0.5989719007647764,-17.129052882201137,0
0.7398489596515633,0.7677704117165015,-18.17226901041781,0
0.7412930418341175,0.8153610091402321,-18.52163983135351,0
0.7852339778878064,0.42254540020232245,-18.59418917770551,0
0.6380158257491576,0.4115596282634483,-20.38361489461335,0
0.6573914594661202,0.4042809339568737,-17.084155656869214,0
0.8516405876793084,0.4651205855927971,-19.207956087358554,0
0.6879737300989032,0.7656321781229616,-15.769908713208867,0
0.7160027029849863,0.6840542926000103,-18.34513505977799,0
0.6946391966619823,0.5182458640616352,-16.428672243064852,0
0.6342655338955981,0.5983346114065748,-20.170837239219217,0
0.8298823368713445,0.8106458257748907,-17.12222037456168,0
0.6577838870463515,0.8862016276468678,-16.813733120985827,0
0.6098171581034455,0.6389076500164202,-16.43572363876268,0
0.6639407778157799,0.2011078223928902,-19.833646527343937,0
0.5398635198619572,0.644593064213996,-18.843262364504316,0
0.6478970028013454,0.7402122194312021,-17.308188056692703,0
0.6225497121718138,0.6336948473784112,-17.82186962538707,0
0.7493942904741859,0.7089772378102175,-17.6479684289234,0
0.6461268608352102,0.6535598061690576,-18.4323439269712,0
0.7710243148463078,0.41480318737772015,-16.13904166193317,0
0.8118787194455457,0.46706423499548055,-14.869841462064224,0
0.7624940269030079,0.5518271719304765,-17.875224091189093,0
0.6827689368911938,0.7598122167357527,-17.455894505393697,0
0.7112891597364474,0.4851173897519069,-17.93250750525262,0
0.5780012047884752,0.668385394975147,-16.459135921143076,0
0.6892976501983008,0.6455538890881795,-17.005060458891826,0
0.6311649225546533,0.8379295897618695,-19.279656684764213,0
0.7555461104919439,0.5937480332805878,-18.735242412593575,0
0.9058201911395578,0.3367862372585612,-19.211156151607064,0
0.7399857308779048,0.6970305697345167,-14.766213201365387,0
0.5407087880836267,0.9207082817451007,-17.237625859701517,0
0.6711015845668501,0.7068575017299684,-18.714823471331737,0
0.7097992740299564,0.48185076122843895,-18.81066244874981,0
0.706988594020821,0.43770811812315524,-17.033722472439706,0
0.6415349499512997,0.4570546749738892,-16.914095820409038,0
0.7196233394109548,0.9004967820573069,-17.04227074429871,0
0.600599933046449,0.5509008839217846,-18.510668830379664,0
0.6244073021851946,0.5006034909257958,-17.632987626702988,0
0.7516638113282968,0.576234503380915,-17.86690188283994,0
0.486322897513225,3.887744332395249,-10.235260588118573,1
0.7430569284393805,0.8351475539681255,-19.111792611451225,0
0.5904428980275153,0.44782837634755457,-17.505641946548238,0
0.8411860707033388,0.777096484749067,-17.76425870274761,0
0.6380584062076756,0.6183138144676626,-17.335977946989345,0
0.6821066742557245,0.7810539770141528,-17.050772353567538,0
0.7264490608872324,0.8373928565601076,-16.200740853002966,0
0.6547720037999124,0.6127196450869642,-18.931085263339256,0
0.7114724768857044,0.5527404585601251,-17.243716561529542,0
0.7460285379616101,0.6099268247797655,-17.10096142016558,0
0.7768490586002788,0.5857843991992302,-18.374556495030532,0
0.7633197948778365,0.3514550316391908,-17.853764179716876,0
0.686255162895786,0.8328720560677609,-18.34387026803529,0
0.6882694580765117,0.6368677526071785,-15.46969153997139,0
0.8879286846420026,0.42553512224234186,-17.874176771470673,0
0.7759911254599433,0.2898715019702387,-17.458193869546328,0
0.6262541074943828,0.25086011506044764,-18.316781156300653,0
0.7079990531012441,0.7155720655031255,-18.575561479500948,0
0.6731885488977446,0.5071533647389357,-19.562403194042012,0
0.6891732612861512,0.5317648997842299,-16.6801576503296,0
0.6016403873833529,0.6732231396808235,-17.077875003124078,0
0.6670461412491238,0.5225927765847332,-18.361315733327743,0
0.844924461855513,0.681978662408027,-19.080443883676732,0
0.7463261040700402,0.6142896096565073,-17.784109768295828,0
0.5007070873478832,0.5873805625276145,-18.597236167556364,0
0.7973378793998357,0.3640874391462766,-18.266451082358547,0
0.7871703618327328,0.477040296534171,-19.51627193352346,0
0.6712571756554866,0.6903803048380299,-17.739516503222365,0
0.7573810835026572,0.4976967277703923,-17.7155961576135,0
0.6312480631346239,0.7808054333676736,-16.686332538912378,0
0.6623795426986914,0.9519601985990098,-18.18088988235913,0
0.8198837088535883,0.6984577951261983,-18.400274972644603,0
0.6782615968104233,0.8239247837047736,-19.86811303934067,0
0.5504214670436007,0.7081090857444102,-16.678846861964846,0
0.694935742177493,0.5198606965991718,-16.92861226013165,0
0.6937129285668514,0.6300227497211137,-17.965513870311838,0
0.7958694855498767,0.9019981419146162,-19.595077265436448,0
0.7011469137740608,0.5214669386058823,-19.45743243730577,0
0.6662734150847766,0.44410090516828893,-18.656527114517147,0
0.7836044916184964,0.4298708365327096,-16.841729149360003,0
0.19684646847563567,2.741686273705938,-9.913567929115462,1
0.6399981854747426,0.4494791867035407,-19.79202862665813,0
0.7923998048433294,0.8511029141155856,-17.514945702479736,0
0.7154929411613439,0.6324534801886932,-19.006975895005027,0
0.7002340773343549,0.7457589464640754,-18.626654671814574,0
0.7142326713129323,0.5552001914130452,-16.833914384973955,0
0.6143465302866722,0.4289704203365823,-17.081395099463002,0
0.657787697905733,0.4035909081850084,-16.688280140609493,0
0.7002866081466226,0.4638012386732818,-18.027760222901055,0
0.6844269043980256,0.6521288241040066,-16.940370530560575,0
0.8017942706253276,0.6779824397651921,-18.70336351651567,0
0.7173924682181603,0.6904794109588027,-18.309079121526352,0
0.7683923138109121,0.37669909743272145,-18.39155186928575,0
0.7007516283660679,0.5999386221152595,-17.971361978130606,0
0.7845030786996898,0.44609072536614114,-19.543789303574496,0
0.7318022205258523,0.6602198951376792,-18.270005883748034,0
0.7010736388310768,0.6718615583246178,-16.258011238177513,0
0.6989373528832784,0.4241740429460342,-19.31103379417372,0
0.6236449098967229,0.7452044410794522,-19.59518553829804,0
0.7405532576109048,0.9508234412292367,-19.498425993194672,0
0.6967836212370896,0.7252253606376993,-14.805768667110431,0
0.6598406431855036,0.5755748940673343,-17.442177622955548,0
0.7885169416649657,0.5525181445185386,-18.32431846120966,0
0.5999827179284158,0.5686404027491238,-17.918015504390237,0
0.6662003283654052,0.4858899229834484,-17.72683272090382,0
0.7822174999023627,0.6378597309978074,-18.768539970875256,0
0.7252418352736202,0.42923061132685436,-18.620660098450923,0
0.6961712857877794,0.31654533201031493,-18.189219758642437,0
0.7200802834520117,0.6329402522720323,-18.86970610588189,0
0.7143531336839073,0.6031849598663731,-18.476321528425427,0
0.5786669962971263,0.5143244975344209,-17.576290107203587,0
0.6720590491721631,0.407595506608445,-19.19658381554412,0
0.8293217323610999,0.6434616040371052,-14.868060694862578,0
0.6472540692178266,0.45147374421443237,-17.09621206693656,0
0.6745359188716532,0.5791583473701998,-19.524101686215182,0
0.6566703389352649,0.8647457781189667,-20.973484210920734,0
0.693038782134549,0.6976784654363076,-18.825003942165335,0
0.6533501734940561,0.3946301006427455,-17.178767220471304,0
0.7389393201726447,0.4087722643481546,-17.411436126659876,0
0.7157850729832212,0.6227728639115638,-18.133018212418335,0
0.7618838092085614,0.39370189769114683,-18.721730953371704,0
0.6159247067048831,0.299741177814857,-19.084957648790315,0
0.6727727613693677,0.6798558016945084,-18.483099685331407,0
0.6819421894710291,0.6481403631481302,-19.214855968593124,0
0.7364517528070875,0.6675897496918698,-18.478653307450138,0
0.6365423042234372,0.6394552772726856,-16.402858877012612,0
0.7732523043406675,0.5902033932491407,-18.92548775909928,0
0.7949132472414087,0.5006717178485008,-17.266942460337614,0
0.6208902121891533,0.6774202449131914,-17.083891424418958,0
0.6607301684085147,0.8294825232607725,-19.2955215822431,0
0.6574454793366326,0.5248156488834819,-19.012046249471403,0
0.9105908963741998,0.4468889684687552,-16.717267875615853,0
0.665607991583369,0.4297320870883141,-19.11091684758084,0
0.8342100353724907,0.46999046499994235,-18.068982899052966,0
0.5986694403914712,0.6303897786714111,-15.552019413397769,0
0.6208279227068508,0.279055865466966,-16.824201291526364,0
0.6450716374521439,0.6658755636648488,-17.89772345791732,0
0.6323448550842782,0.6965869515444234,-16.991123310562497,0
0.67856810126732,0.330288246008568,-18.067106502376824,0
0.6432977437822801,0.45312293455836006,-16.77812180015583,0
0.6344526725812341,0.6119521469768121,-20.455518517615765,0
0.7926777597178661,0.5784795404543404,-18.167119195649935,0
0.7979034898010532,0.6779456202402886,-20.503607887911386,0
0.7759437198700252,0.578829476772545,-17.806373774121806,0
0.7419199164467462,0.7897154290162447,-18.283413477927237,0
0.7074194452623641,0.5518245901434476,-16.367124184029205,0
0.6602375447467272,0.45254505199203693,-17.1458071576828,0
0.6237473996195926,0.44048372006073655,-18.63130522504808,0
0.729039656274615,0.7103202763922534,-18.48745950789704,0
0.6061095685962561,0.6044431712935374,-17.543164163724263,0
0.6204863256659685,0.6950573851087792,-18.687072711063927,0
0.7922330604963848,0.6919683748843777,-18.038847343661455,0
0.8520519233377669,0.2970225220854239,-16.41996232258216,0
0.7314636110533184,0.42898760984648343,-18.994956220236453,0
0.7885165721835715,0.4469062439244269,-18.537209239147675,0
0.6803321346044813,0.47759037172623564,-18.368918814539178,0
0.5929860651129852,0.536946701013521,-14.210311888577252,0
0.7489737294894867,0.7498724391925778,-17.2701088049914,0
0.7455431458616051,0.7797723528575848,-16.64151799314259,0
0.7057334843104195,0.5560663754695505,-17.07824914574594,0
0.6806099633515911,0.5623078708012883,-16.997527360817642,0
0.7769768462864878,0.494184941391407,-17.431711755201253,0
0.621141357325802,0.6133781545857816,-17.56167695992909,0
0.6380975536887473,0.6303781324100904,-19.740893585362244,0
0.6193514794591657,0.7209713332503398,-17.57056253238847,0
0.7067978370108662,0.719765808897383,-18.13001231087155,0
0.6129685590312592,0.2546822923396423,-17.345451716580605,0
0.6452606255587805,0.5771182578544323,-18.085030999968538,0
0.6435395550218241,0.8076150046335155,-17.08420284872641,0
0.6791513334132833,0.5342827609042624,-16.872080914620984,0
0.5810100442876818,0.7708862727544932,-21.494592029574918,0
0.7069763993629813,0.5540322299983217,-18.52067138179915,0
0.7997842920531741,0.6262385201162946,-20.22886428706575,0
0.7108393097853409,0.4294663961401276,-17.713266534429607,0
0.8233056915841056,0.4351127163650228,-18.3608500534248,0
0.806719854870154,0.7088237358394521,-16.373005835296073,0
0.7622188037798283,0.7322727420300997,-17.751306405838946,0
0.7059748674109508,0.6039643359300739,-18.582635971756456,0
0.7018000310596352,0.41587136360424126,-16.8737141521853,0
0.7611039817890608,0.6065706834910821,-18.381842949392933,0
0.6686663512396773,0.7885852441011416,-18.597597067072403,0
0.5493983398826028,0.861429970507764,-17.527649502429774,0
0.7393603243282367,0.5524938101511128,-16.064434332072636,0
0.6095145096052023,0.35101982246133145,-16.975737710112213,0
0.6230287017447692,0.7260545399332168,-17.319682841662228,0
0.700017915839663,0.5586055355317499,-14.698861759774005,0
0.6923900097957224,0.7414560962341559,-18.878892043631392,0
0.5870339514947496,0.6421608337526429,-18.90566140433053,0
0.7132393251306511,0.4674833841357225,-17.825316623472307,0
0.7772911728688838,0.6087366540989071,-16.18196833907434,0
0.6097326743787373,0.7962507550581491,-19.130023171553525,0
0.8017986664679007,0.5776269016549134,-15.894512882924328,0
0.5751863339896044,0.4447792254831934,-19.726946987290066,0
0.8693859315496762,0.3617033747105015,-18.145461660865415,0
0.6670991655613213,0.48417529697030226,-17.79184120119762,0
0.7116493597461513,0.5384795607343527,-19.059158299581483,0
0.5486373142011464,0.7229998703875888,-18.74548123791864,0
0.6950291146824553,0.4318726098282567,-17.044043424797202,0
0.7182785742174553,0.8330627828594453,-16.27013310898652,0
0.6931070316720404,0.39942716837382125,-20.537532434995224,0
0.4618632334154211,2.7381231625891744,-7.538453642952223,1
0.6242748385177748,0.8588277835131706,-18.135970684338965,0
0.7904421295629849,0.6211749374081987,-17.87112437325126,0
0.7024645707998359,0.3528459697845612,-18.38011977073944,0
0.8232601901213418,0.5916863907026367,-19.548584363467594,0
0.6578814116164061,0.5419738563020241,-16.149243626346454,0
0.6652164245302226,0.4088569165423614,-16.608804482003162,0
0.37104962989215035,1.9146323521702358,-9.82551947368467,1
0.5701620030397148,0.4764535305216534,-18.585975854968012,0
0.6029229311877661,0.4927641229425628,-18.731328754807056,0
0.787798797708253,0.5694482048141467,-21.102783869777376,0
0.6062452856621444,0.5137636756941445,-17.575415910477105,0
0.5544759187757962,0.9117234925665043,-17.063611691636588,0
0.8494821750458472,0.5196428050500675,-17.834517460668277,0
0.5884945881700635,0.6661321517091713,-18.103603721519704,0
0.7147295518662535,0.6218283738315542,-17.8399397898161,0
0.7055268154179416,0.6529125337888307,-19.023871176909093,0
0.47514973467055327,0.6643632605416397,-18.5994662728444,0
0.6786146381465752,0.7322042229909184,-18.19959963387859,0
0.7358730599583287,0.6399669113427964,-17.163988110282126,0
0.7283447505215088,0.633734369232948,-16.345369952045868,0
0.7722816547042801,0.6087715602702208,-18.274977411567548,0
0.6690006948075652,0.5792373221490038,-19.2537426450785,0
0.7570003553673728,0.4632303177508984,-17.957223851083885,0
0.6448536745535942,0.5908697433869697,-15.586210664893294,0
0.587162606686978,0.63619010628983,-19.14936772216048,0
0.5961817299455013,0.6603246834859192,-16.936991103440626,0
0.5830311635843668,0.6270427159485354,-16.396847332655273,0
0.7807668774312955,0.5650567479827199,-18.432017831790585,0
0.5788341192753155,0.5914380145206153,-18.840869493262847,0
0.7219231072519442,0.5169530273173811,-17.310051980600097,0
0.6787260644742054,0.6469835986509845,-17.576139872635004,0
0.34707835941460147,0.8152600285015668,-10.310476391513085,1
0.8090885836159759,0.6270841407296205,-15.511548682212235,0
0.6649258106227781,0.7501204565073828,-17.799544135948125,0
0.7489281249239746,0.493596163553637,-19.430669818747322,0
0.7030050681104889,0.6895043071365726,-17.920031997397892,0
0.6878384875493841,0.6049815269828059,-17.710131846953544,0
0.8839975299509178,0.9031790399371132,-16.479397635494102,0
0.5846926603427703,0.5675549507304736,-18.236117274513244,0
0.8031305468349955,0.70427468747266,-18.49088140043446,0
0.7525125252391978,0.6023030177633966,-19.64543279539991,0
0.6616380004294572,0.3917543237529759,-17.343104649523045,0
0.8303454813953289,0.5218966356721283,-13.98215137735323,0
0.552151191008917,0.7320706658142591,-18.267109180804727,0
0.6582586674160742,0.535095830908759,-17.457654054573663,0
0.6033214236584739,0.2669615527740579,-18.657399423977957,0
0.7329666771897168,0.5952895474613245,-19.53754190399501,0
0.6109548719050257,0.43614955530734845,-17.478916872959363,0
0.7346451157393055,0.6197726598895078,-17.96617405987537,0
0.6850850867342756,0.8326720622097028,-20.86266497167899,0
0.6616516845875132,0.7154185966204355,-16.067965541111857,0
0.7310917796826648,0.8304983743109966,-17.50084274839546,0
0.6785102700849548,0.5157731967833262,-17.911325339875674,0
0.5400268424310964,2.7720251408711984,-10.92117512212057,1
0.9241098391707983,0.44333457047883307,-17.51364706740829,0
0.6610266253576684,0.4973934832439857,-17.45832485710076,0
0.5225912735878387,0.460967275157073,-17.518414351527944,0
0.6326321048222888,0.40399155461820635,-16.71840834659581,0
0.5986178649301815,0.804878493799701,-16.445674519399986,0
0.7660916492832412,0.28620595574603663,-15.593288323657925,0
0.7257322127673268,0.8055208357206834,-19.004210618938465,0
0.7318970241432274,0.7869088387380346,-18.68810581652066,0
0.6703982027330204,0.6749689013218496,-17.566581399550035,0
0.6776519802354463,0.4328239097858896,-18.934909030485343,0
0.6703255117113865,0.36267373328351893,-18.741618086846664,0
0.6935045452691624,0.5177394478104653,-17.429724502192045,0
0.7668266748291868,0.6937680684509886,-16.91898917402418,0
0.7268860330004276,0.6004595456161012,-16.468886456665363,0
0.7400090263696693,0.4434750757357864,-18.23113729650912,0
0.7399647126599361,0.7722307176984735,-17.444216443754435,0
0.770755394990539,0.8526574992272307,-17.708690716927475,0
0.7230520033232203,0.5660101253978104,-17.978811065784015,0
0.7287078458143135,0.6164005355396018,-18.97921099824962,0
0.7951044992954525,0.3736726974555756,-19.131853307043027,0
0.646796326559751,0.5378419925836447,-17.199990264052854,0
0.6315405936038794,0.676565996700149,-18.99938325586104,0
0.6051262720650514,0.6532284810386666,-20.13230258979243,0
0.7146331650896204,0.523849822618544,-18.038113587948224,0
0.5517014207024701,0.558863473728533,-16.253711637420302,0
0.2229048278907717,2.94675884178953,-7.906558054677335,1
0.6912645524399558,0.5582302929422422,-18.345996327784214,0
0.7907711759856845,0.663485220377719,-17.18974216160852,0
0.6462466151628007,0.3048694371946316,-20.188195719857763,0
0.6837345371665994,0.5888475727788116,-18.255999499441298,0
0.7897762666634695,0.6524963303438533,-19.36734869346305,0
0.8106508517422522,0.5144272971538384,-19.208613736808264,0
0.6455878107398544,0.5281000434052677,-18.482901849242424,0
0.7145424986069727,0.5324408338776826,-19.347777468158604,0
0.7235535182147238,0.528142503969426,-19.447560843782174,0
0.7298922724496918,0.600882566677556,-18.071078101850404,0
0.6789939472547502,0.6193504137020676,-15.327433127357176,0
0.8025106718498908,0.28492285256493005,-17.09070801906257,0
0.5488237213102763,0.6979320557208432,-16.787360679553974,0
0.6663095812159132,0.5565001673479562,-17.043285073897387,0
0.7358344586218357,0.8899444763202801,-18.83701633521506,0
0.7365779849559474,0.4212527191651937,-17.627001325060608,0
0.808220722449181,0.4699028236868502,-16.6827668868692,0
0.7958580314561029,0.5695636532125108,-17.00599503866185,0
0.677156669975422,0.6619838174529054,-17.766538791157938,0
0.8039896994824484,0.3073849008942747,-17.37594420696733,0
0.6428766604978036,0.475634992182584,-15.044551241797016,0
0.7744709906233469,0.6886980240860765,-16.992668139412384,0
0.8448417982736794,0.4577814080351186,-18.378191228637178,0
0.7971955285483975,0.8055039564564341,-18.088844407517517,0
0.7084616306819298,0.5319174601726391,-19.264981675909738,0
0.6734576982582302,0.4650940197987155,-15.183556862464444,0
0.577712696299257,0.6915366386684278,-16.07535632946775,0
0.7248431710331362,0.8411426080236669,-17.90014435647346,0
0.6107826217623264,0.6624594388115844,-15.383015857479869,0
0.636549226910885,0.7890644098834887,-17.241119946054027,0
0.6047403359410662,0.8514953010955445,-18.51701570113898,0
0.6631686133874676,0.4617211980108632,-16.912256951376243,0
0.6977624468410414,0.740758700108938,-17.52162783384402,0
0.7218891664932564,0.37147942360446784,-16.99457186606832,0
0.6519594691668829,0.6637353797679577,-19.64291023158746,0
0.7855426965116146,0.5893023164227771,-18.972376988636725,0
0.6833435793608027,0.7864425304563093,-16.21383500385219,0
0.6369822053387584,0.7758377269477261,-15.968235010123133,0
0.7181033813794748,0.6854675025801603,-16.301864727638335,0
0.8570842266835053,0.6447641849224227,-15.337623715695772,0
0.7268128453228094,0.6762553015082926,-17.307158042143364,0
0.6709715498101114,0.6092656307064818,-17.391499964603483,0
0.5778030915105037,0.5908206388338144,-19.095848281468577,0
0.6824470143222343,0.8163867258378663,-18.696637729015567,0
0.7187942500070492,0.8344334729517264,-20.38591310677146,0
0.6689935286995543,0.5787511203446689,-18.385783214841247,0
0.56676922894072,0.6356454604516116,-20.4702313065999,0
0.6319547688397252,0.6122482837159161,-16.70284059496357,0
0.8163630768710206,0.35824523370942074,-17.533921357739455,0
0.8147200802984368,0.549534663358199,-20.431403095675307,0
0.3455638544488438,2.4497676125863443,-6.238513066373271,1
0.7538205429759537,0.4875336187452284,-15.6388132531818,0
0.605714177218386,0.9171815193451952,-18.15079938100289,0
0.34452216396611746,3.3160904775235274,-10.727021950095173,1
0.7196188678315388,0.6602247225819313,-20.142602723166288,0
0.7759713198893227,0.6841264928964631,-20.106775934932667,0
0.5627925322253968,0.4624189955497462,-17.3573040385728,0
0.754210968153991,0.5602156871662947,-18.520647146789692,0
0.6993860749052396,0.8162098665482639,-18.421192969919325,0
0.7681543256632674,0.5078205991239699,-18.515695996132763,0
0.773189423847828,0.7591697635423198,-18.168287939357693,0
0.7052627751579799,0.3934439715844412,-19.472595598443657,0
0.48338857455005724,3.7163849345167588,-7.4200920891036475,1
0.7623756945743595,0.8852076998379474,-19.70724749250803,0
0.6951876400475897,0.5982244280639514,-18.907010949649504,0
0.6301772037177885,0.5192250169508489,-16.787006762801852,0
0.6263878214833851,0.8044111240498444,-17.548554000329773,0
0.5818268466950094,0.7868732332445256,-17.17718178455834,0
0.6591767072349549,0.7381131847885858,-15.419533928618536,0
0.7882153636859502,0.5145153120881841,-18.071584812365398,0
0.7142263839764347,0.5569623636093486,-17.974247687970028,0
0.6576185835261567,0.6467443235587095,-18.31718514702041,0
0.7643884750544063,0.7041599013220856,-18.532096976870577,0
0.6334018702621289,0.5237274638972194,-19.212708992872543,0
0.7076280219466222,0.6256105665931044,-17.899122226564977,0
0.6856295701819587,0.6401086951196109,-17.57394167208461,0
0.7623304500470681,0.793015463456288,-17.507075592968526,0
0.5738217303264399,0.7131698743402678,-17.922763407759508,0
0.6319841803348275,0.37397975327470634,-16.88859503421602,0
0.5689403472724373,0.5679554537271921,-17.964675971109134,0
0.6792322622552583,0.46068249450248755,-18.491162265880753,0
0.7969142002905945,0.685213113091751,-19.11238581836942,0
0.6595642232277178,0.7384730025757567,-19.858770253893514,0
0.6591452849443479,0.6152333978415366,-16.247501786476217,0
0.7697379539347309,0.5597809454058225,-18.838865550584796,0
0.7854839646764239,0.6103754689553974,-19.11080057194475,0
0.6929143146184967,0.6313378910216632,-18.501045873992368,0
0.7547771883239913,0.5039850522424639,-18.334066543840557,0
0.6138436367297643,0.4171933348845952,-16.033785076916672,0
0.810237946714033,0.292479143616697,-18.393776523709406,0
0.8718965035149641,0.7900773197608325,-14.839939721518029,0
0.741697263295098,0.6744549365452448,-17.92356335441618,0
0.533253470292576,0.6543766517016258,-15.53156610123449,0
0.6553415790081772,0.7897798331929423,-16.927284862283134,0
0.7490260257335457,0.41167979854613745,-17.566755096186284,0
0.6662813602266909,0.33965536862174717,-16.106582240115014,0
0.8017758843400078,0.6576347874778634,-16.65332424727164,0
0.7470525811548692,0.6439907063165146,-17.238385098976693,0
0.6434819599387362,0.34030397854908695,-15.21888718827397,0
0.7025811848617002,0.6539281593210707,-18.598071254344347,0
0.6284933423488728,0.5399665571400648,-19.19389641115408,0
0.6853932097270046,0.47893679103936276,-18.811476890174344,0
0.6556325407653958,0.549986443757638,-15.897272171899735,0
0.793980944018643,0.23377071436222946,-16.259087974696683,0
0.8692809645464796,0.5112938664912092,-18.630314279376464,0
0.5855049333411397,0.4943558145773693,-20.82558154511264,0
0.5461426971032197,0.683565367040421,-18.247014043654467,0
0.6803862062518891,0.576265479523367,-19.215917170309528,0
0.5785267440937053,0.6958303310518322,-18.592723165787344,0
0.7036969282936734,0.2175690982894979,-19.265290857295103,0
0.7599148891044741,0.4741352666143428,-19.93144569237483,0
0.819531351781346,0.6833995577357166,-15.74015475800292,0
0.7161115646972225,0.5536703054140267,-18.820401844732103,0
0.6845475820120336,0.726819079946155,-16.304798636089,0
0.5417292066741533,0.3293095635916165,-18.26564509181623,0
0.7020948119348638,0.7096666259534211,-19.356965045462932,0
0.7057029808439569,0.504129117332244,-17.389117932085195,0
0.7511165451370195,0.48957043734259886,-18.469268228319514,0
0.6433209518776727,0.7486570570391178,-18.248521326795895,0
0.6651957919811312,0.7742851694934758,-17.82611287879228,0
0.5817598195756652,0.7552049544130922,-18.974655402898428,0
0.5166965754492747,0.9057962887572399,-19.94536362494443,0
0.6113202327362572,0.7900205412665001,-18.061523537681204,0
0.5743739348597586,0.48068451244015514,-16.843298756839395,0
0.7269369836336489,0.6212457192203475,-19.081909510694107,0
0.6585492754666513,0.5459703137272597,-17.81524528048124,0
0.6569410295940168,0.9043634789923598,-16.193391421740962,0
0.621246956305983,0.7657304932048064,-18.107717864728617,0
0.44139476539900524,0.5716679794929816,-17.896686753844968,0
0.820664859899804,0.7316864696629503,-17.933745175679537,0
0.6199783581778568,0.4151702300530343,-18.818813311071672,0
0.6670063944120074,0.6375392606468209,-19.19202542212005,0
0.5836086267768551,0.45931162610953735,-19.187114843185288,0
0.7777544274752507,0.34671116990588896,-17.55818016359127,0
0.7114743149629859,0.717680435629475,-17.090553165680706,0
0.6338907771787304,0.7362886642781327,-17.033901313874576,0
0.6686216310924781,0.6685818954317979,-18.454251424506555,0
0.8342543937699896,0.5725549439150248,-16.688029750883224,0
0.6941624454494977,0.4100462017730386,-17.631163416587487,0
0.6854613169907275,0.4257979693924129,-17.915109333850776,0
0.6246894811088587,0.45460800303918036,-22.007227995124303,0
0.5484335079622157,0.5649490062412614,-18.98089153392766,0
0.6871969061136524,0.7614268100407372,-19.82531748268473,0
0.7260388089859694,0.7590606316617978,-17.247511791523067,0
0.7879667571462136,0.3527148600580684,-17.885960001683962,0
0.5201202772400275,0.4960149994924579,-19.286383663662132,0
0.6099922938381577,0.49197584706422415,-17.634764929838806,0
0.653540712755484,0.22026253072481317,-19.708190839447617,0
0.6997215321141438,0.6849181420424861,-19.2525157179211,0
0.6883973046777262,0.5630760263522218,-18.852265597037928,0
0.6902649051450184,0.5830286195053536,-17.351836413786163,0
0.7326476846855955,0.8018806587563457,-16.320669984955316,0
0.6277365511376712,0.6132463519926535,-18.70321013801272,0
0.7747313153786956,0.5353904302550974,-16.413049630070066,0
0.7346761953359584,0.6858116431507415,-17.943115739266247,0
0.6744134188697536,0.7588307769863343,-17.716634206889733,0
0.8280726393511132,0.6444701349073838,-18.076565469272932,0
0.8245132828457413,0.7033784398047223,-18.23677650406328,0
0.7746316284155046,0.5781648525385673,-17.47283995591329,0
0.4585154583545765,0.5877213380460505,-17.111614576581545,0
0.826315607417438,0.6169531065448243,-19.061533564363025,0
0.7635806817977547,0.4870318574351007,-18.22716056348341,0
0.8605126910170349,0.5147907578445599,-15.996869883332081,0
0.7989971673386831,0.806681946272771,-17.78737361481777,0
0.8262674141997828,0.9011934143793481,-17.655967374685023,0
0.7702923880144303,0.838829687105727,-16.599277753239086,0
0.8078954558916409,0.4015113964847179,-18.601493399141596,0
0.8595298992587551,0.3870213698122541,-18.040752746281502,0
0.7173243790702564,0.42139358520822584,-17.019786124081705,0
0.5742215564737496,0.6201581162819221,-16.51331732246599,0
0.6754031279987885,0.17869131114635045,-20.838171952206498,0
0.7311956479506749,0.5116797650070749,-18.88400254907445,0
0.7059910067497246,0.811064893374167,-19.19803836761913,0
0.6002750427072459,0.7473658246093361,-18.14859012407046,0
0.5695145899844016,0.5236358024139739,-19.10720733191216,0
0.6407069865092136,0.5349966838244044,-17.20307340058811,0
0.764619164478732,0.6850862560210356,-17.793107590741318,0
0.8264271816658375,0.7402903132866299,-16.932971796775004,0
0.773325409102216,0.520029409839036,-16.856390451151718,0
0.7845941829691309,0.5648450967420844,-17.18509677790098,0
0.6935347541469153,0.5150985407219965,-18.40294866133203,0
0.5606334033835229,0.40029758379371794,-17.874866953492052,0
0.6635823535293836,0.5670384377967278,-18.55304868638376,0
0.6792988470502097,0.5556108689686855,-19.63768237676375,0
0.6602358010531454,0.41090338260170167,-16.85545458349474,0
0.70437558922997,0.6969121406456594,-18.10087755272316,0
0.7353135807914359,0.6724981017938834,-19.803134356949535,0
0.7682412150594797,0.7043579551267615,-17.35566051469488,0
0.6777504108506932,0.48478944668034474,-18.268738701147296,0
0.5476992475484325,0.30246364828280287,-20.471764767145054,0
0.6613697824567092,0.6700996694468473,-19.648475126957614,0
0.7034968317593586,0.5003830928055429,-18.840733390393314,0
0.7978246337706726,0.46639978001314486,-17.747385529867337,0
0.6545753726252715,0.4114420388034836,-17.054376017939326,0
0.7410034902719521,0.5587016207869269,-17.095477283162932,0
0.7232070319708346,0.836599094557571,-17.276564454083637,0
0.703512042649871,0.5241825717966728,-18.041234846030374,0
0.7744426655459673,0.4365295433749599,-15.93332122728214,0
0.6471327042597935,0.6977900101545043,-17.160154507200136,0
0.11957880640560328,2.205483547589971,-8.56827194816632,1
0.6990479341524617,0.28210479484676887,-17.32009427312357,0
0.648788279592504,0.6993519479629929,-18.478842003786724,0
0.7406409832843679,0.91927016527524,-18.068692321241944,0
0.6429446156507094,0.20991961088564642,-20.498344847461873,0
0.7181043366196107,0.4146440963966814,-18.46409719497312,0
0.6919861784970595,0.17272093670225902,-15.888134381079873,0
0.7171940771821365,0.5887043368888748,-17.821949667255485,0
0.6632206883949568,0.7485579354917029,-17.871912267166067,0
0.6728729364378538,0.6158251124694418,-16.801675085820865,0
0.707680741439764,0.8087993547169003,-17.57060950125315,0
0.7161659604929049,0.7245825435495201,-18.943780565107915,0
0.6996638467687075,0.8553220985253265,-17.971610985371612,0
0.8364289885210467,0.7740316152160642,-19.362262949614216,0
0.6207410465006972,0.5395585397085743,-17.77966539525566,0
0.6948636964037829,0.610008968435226,-19.00529994288473,0
0.5741096782306412,0.46969846267785403,-16.88604646555951,0
0.7297665182933909,0.5654015746697927,-18.612288746125593,0
0.6107802770898548,0.609274750802718,-18.989644690961455,0
0.6777351795298738,0.5872639014696969,-18.135398385973776,0
0.6702348539734939,0.8013380289455415,-17.561529817044345,0
0.7224712901280936,0.5504747906239753,-19.44879839620781,0
0.6557767265963855,0.46018703796639643,-18.625519916788303,0
0.6523755441844814,0.4695583447645219,-17.873805233167918,0
0.8148685171268718,0.6982650407433796,-16.393957740556168,0
0.33803803756312284,3.659247162342738,-7.276967076133493,1
0.6551159318382185,0.5698220744773623,-17.261804155580116,0
0.6799333062551015,0.7991250368183132,-18.460278677287327,0
0.8316283961816595,0.6438897668611245,-18.5935324162748,0
0.6811868097399122,0.5888091916321868,-18.81735235216291,0
0.6448578701478089,0.5946134394542355,-18.436674700361106,0
0.6452003079898886,0.44556531116592407,-17.255019358905606,0
0.6560698815208338,0.47142979343481883,-18.644143765386332,0
0.6524401822058622,0.5707227490628134,-16.009689581023654,0
0.5976281721320605,0.6406909545163939,-17.251359858849113,0
0.6100639922442417,0.7422225017703166,-17.762433449816555,0
0.6336543700510904,0.6138840925757152,-18.199267341379947,0
0.7473256814762478,0.8029161263631371,-16.572174955406275,0
0.6695010170181701,0.8407797022814287,-16.39677637589002,0
0.6834270648724767,0.7192900818723306,-19.393658576705093,0
0.8016070420203917,0.7837472112083826,-18.84227772647891,0
0.8036005719950734,0.45139297179178584,-17.238443752329566,0
0.6774300045489812,0.4276201597967906,-16.875982866667172,0
0.6495309191453272,0.6776960064435248,-18.36040865797112,0
0.6308455749061169,0.3988185282199429,-18.890933831655005,0
0.7554220615766589,0.55644422339761,-17.905664848840146,0
0.683623421318217,0.7156787857994609,-16.227967883104817,0
0.6690804087741767,0.812005938702781,-17.95075888793743,0
0.21184082815364186,2.2336356140005376,-12.484777748037663,1
0.6384266872790889,0.5025083557038464,-17.868500126907094,0
0.7256046553194595,0.6480692432267373,-17.060702314524175,0
0.594764938729019,0.4389684834714166,-18.121652773619708,0
0.779589495503035,0.574008202755986,-16.490199825019307,0
0.6572924284948065,0.5987999927585578,-16.960981157379017,0
0.6880291244598565,0.5958024010993808,-18.074110708435626,0
0.5930417633487556,0.6132755210726822,-17.948227176431445,0
0.6990107249406108,0.47482277166417874,-20.210111646219868,0
0.6737343245847551,0.4909510511072374,-16.547727930105406,0
0.6959935520914826,0.48793256084510694,-18.39542081840437,0
0.8177367118689511,0.35698584912074144,-18.479948087131618,0
0.7142158436632191,0.6512745482769159,-18.6598243278329,0
0.6364272652683356,0.7341986177538007,-17.451962925011884,0
0.6430944071562745,0.7194465124280304,-19.35443160091519,0
0.7476104948731015,0.5606254709308868,-19.181007338055053,0
0.8038954632794739,0.47834921408041686,-18.063030122039223,0
0.722553441660084,0.7116471963544033,-18.751815997901844,0
0.7550970195643815,0.6958384533561828,-17.5977197119523,0
0.7487790178669363,0.6326130963654444,-18.707867135239418,0
0.8135251530686016,0.861646687863491,-16.085956482749296,0
0.5440327861819173,0.5960361717949405,-17.167850991858714,0
0.7533775151443622,0.5614665024112666,-17.18293654514526,0
0.7786988835122851,0.5400274003388099,-18.72595410458557,0
0.5929021035091541,0.36586834402787893,-15.113184390672663,0
0.6291465452794867,0.6992009946213439,-18.526813217129195,0
0.6319373801097476,0.5841771949263335,-18.85657233274814,0
0.6416967842898093,0.6764896862035192,-17.151908883653583,0
0.6614626359251579,0.876281700313686,-17.765726240471604,0
0.7194082250443953,0.5413872345143074,-18.982061171089413,0
0.7692539720933895,0.2492986924812673,-15.364983405493703,0
0.7865053566214829,0.6721605554266158,-16.829280602168595,0
0.6329741551065774,0.6250289084839014,-17.995193638478472,0
0.6324237601037613,0.490131918604302,-15.118667842700086,0
0.8052657472012978,0.6595899503432247,-17.027063826854096,0
0.7517395148334916,0.7179144480156563,-18.014281163751473,0
0.7066291873495196,0.4580085134682679,-15.262274825787687,0
0.7378669340443973,0.5548002207894926,-17.209218319830953,0
0.6976156974518847,0.8215130594773392,-17.261705685215556,0
0.7419667746438091,0.4917566713155952,-18.463617152592604,0
0.6731146642795407,0.6100004633120678,-17.940703817160422,0
0.7215043947551384,0.20633832509341726,-18.492831595037057,0
0.19288476488821166,4.144367272104569,-9.319319315907466,1
0.6449772564139655,0.6236276245999199,-19.931296972100956,0
0.6458391058567725,0.7841981714378401,-16.360955480322183,0
0.6700487973434468,0.3956955476998498,-19.052811034437532,0
0.6258789396176201,0.6111846093090745,-18.069505443796213,0
0.6573165099341534,0.5436423136419425,-18.354259665389076,0
0.5788468750081504,0.742963208248874,-18.62418298379425,0
0.743896038111592,0.4173295042016122,-17.17225902223741,0
0.6933989184870883,0.6645116472551228,-18.00622705599457,0
0.5635833913779186,0.5019463969505614,-18.801238512178664,0
0.6332136071562661,0.6334557037239712,-17.815205363786646,0
0.7269281142049733,0.6103396578462709,-18.83530407199981,0
0.6565582442891368,0.5622331388786073,-18.645330598801706,0
0.6442446831889522,0.6716717769404077,-19.796715706846566,0
0.6940325858393539,0.6065479101454442,-18.540370792181715,0
0.7274878028142573,0.5800790546884957,-17.406954568326558,0
0.5850918034368671,0.5465375198965885,-17.955450098450356,0
0.7440102784974303,0.6116397584618005,-15.821923597232228,0
0.6359765374714098,0.6333065322219108,-14.864619031534433,0
0.698565762540016,0.4516286879879068,-18.557062075584867,0
0.6971663887446792,0.5475793143123935,-18.999981309245147,0
0.657834710540818,0.4417221083053241,-16.644220144369267,0
0.6181072203095428,0.5940231865828821,-17.597750109560945,0
0.6771450761526189,0.5111501692718958,-16.636950867582033,0
0.8300264247260156,0.7156174721971883,-17.521403122554588,0
0.5910659975629095,0.7009090466635034,-18.23322941601093,0
0.83538504152839,0.46158771546534455,-18.226422057862536,0
0.6792223063138774,0.5996538981902287,-17.48066786596074,0
0.7028297133670911,0.6957774868872546,-18.25333667485783,0
0.6130631350892217,0.5737037519753957,-16.536598508162555,0
0.6382984466658015,0.49076737127916825,-19.562804687401435,0
0.6597672279969584,0.43613947079328064,-16.543027636726684,0
0.616344402329767,0.7281401342367543,-20.248080897499243,0
0.6832865634103302,0.7354069722427454,-17.82587725636653,0
0.6674387286554583,0.5688078601688927,-18.397251276748257,0
0.8480624913948587,0.7149206376790016,-19.819626844381418,0
0.606722065145563,0.15521842051719886,-20.472023300014484,0
0.7082152413398869,0.7991331976063853,-19.317017604126203,0
0.7198277025521459,0.5764582792084232,-17.945178808127594,0
0.614374356107853,0.6212664841199234,-18.72262095453566,0
0.754946199636227,0.5519223414501045,-19.249138681405412,0
0.6681338389694698,0.8093561222801258,-16.377262700493137,0
0.5006088278733546,0.4408902564066699,-19.478621613514274,0
0.7527879689683652,0.8211690489910253,-17.185059202140664,0
0.6106447292718109,0.6594406381417667,-19.066796410058647,0
0.616178004308872,0.6933996323877236,-19.347367119790274,0
0.7550321666313918,0.5506193155006626,-18.724606352307468,0
0.672227081406524,0.4037671203155444,-17.256100743355066,0
0.77342177204412,0.7395766148304153,-19.645758907917696,0
0.7968132876292254,0.6467112526783996,-17.65505368739196,0
0.6484057231742161,0.8042435187463226,-19.152911997205663,0
0.7634609996764024,0.5709335519676453,-18.936920244295262,0
0.6395631358885694,0.5371152931651627,-17.51923009315072,0
0.8786492733705741,0.8082132354960453,-15.391820604066627,0
0.6445634396375027,0.8867841246746166,-19.09322038798512,0
0.7820869952768003,0.6014020764548594,-17.1361432996116,0
0.767503202070526,0.4870863754714341,-18.375254852679554,0
0.7252870257687146,0.7215796144184323,-18.569692145756157,0
0.6463565470866653,0.5618969150743989,-16.714348788299816,0
0.6878882006446873,0.6898894238101198,-19.01222737303187,0
0.5277129509644358,0.561108603843187,-19.384935872153704,0
0.71795360307058,0.8346021027317719,-17.447789045737096,0
0.7279692264822708,0.49507657424239504,-16.086259444215905,0
0.7106799535249096,0.672079449378294,-17.100006353650617,0
0.4621355062965954,0.5266947044651814,-19.68842085688384,0
0.598749084392815,0.5577740157868846,-18.738399652762702,0
0.640152721372107,0.5381916517859134,-16.82448211010783,0
0.7233327146551236,0.7107912099140122,-16.10266773850968,0
0.7231471124514387,0.7377544672400806,-17.725546409670695,0
0.6863820966423057,0.6836608243398556,-18.69500704092935,0
0.7508196429283165,0.5838024799882094,-16.024777392757656,0
0.617900609975768,0.6210270046502389,-18.0895123021862,0
0.7488188004555196,0.7346582352689137,-18.726970288985232,0
0.2907759155187185,3.3999946030357666,-7.618583316325528,1
0.7302043786270328,0.19645865529696976,-19.434022016386628,0
0.6854367655131475,0.5591666742340956,-14.599703484652082,0
0.8464595059865009,0.5663611812840772,-16.29485056144729,0
0.7394556550791902,0.7003878846189243,-18.787551979260332,0
0.6225331309397153,0.5899843773433882,-15.9218088879337,0
0.7198644380588787,0.7078775071423931,-17.36003739191622,0
0.7601986701659375,0.43820088434541715,-17.431070398417024,0
0.6529513120860552,0.639008177319117,-18.861500436139234,0
0.7871417797544878,0.7350308480175741,-18.616952613775133,0
0.7305626964572808,0.37884256960227775,-18.05090884149989,0
0.5126017329867723,0.9770465202313354,-20.358658793328146,0
0.723973758187034,0.7786328899299779,-18.584184172078885,0
0.6675176676469827,0.6002029953698462,-17.994612442519887,0
0.7429743851633388,0.4757387839141848,-16.428577312239316,0
0.7755371872201451,0.5737372274589441,-18.739857055282286,0
0.7156129637713454,0.6125703539417011,-17.025434266662632,0
0.8332201787155756,0.6660993835218071,-20.4725925840854,0
0.6857034492349203,0.8250991274190046,-16.599563789432718,0
0.7499854258443099,0.5285852295835731,-19.080416360534116,0
0.7643954058909878,0.6844064756358842,-17.84367243711029,0
0.6922123224885813,0.40613562560998306,-17.512388256984938,0
0.7623019446382225,0.5379598928512098,-17.747784531172968,0
0.6524261610270264,0.6565075271804037,-18.128135710384758,0
0.6661945264783025,0.7036893736513207,-19.489819542447947,0
0.595000904773095,0.48701512850030704,-19.067449101947393,0
0.7193127293096037,0.5338812455982129,-16.804281668134074,0
0.7260201340683475,0.8190834953375318,-18.716852950552095,0
0.7943410526863383,0.7742862929442067,-18.12395471203619,0
0.7632912003484706,0.6312685825578549,-19.7905035085087,0
0.6772163554682054,0.26450322701689266,-16.969711966170088,0
0.6057456250132578,0.9766698821535011,-19.58337964816811,0
0.7346280322015979,0.5970102657514132,-16.900844629677472,0
0.7888602537931713,0.5531149412968009,-19.275254112772124,0
0.7604147979043154,0.5216460111218828,-16.78259036360667,0
0.7867582019885829,0.6564550555798663,-17.98776850163241,0
0.6830488375041406,0.6579873883756394,-18.67050887573651,0
0.6626704825459483,0.7425941809689769,-16.079517893462253,0
0.641047891821456,0.461090675347648,-18.082625991381878,0
0.6955282826709123,0.5531257682788108,-18.434174751907175,0
0.6937127363224944,0.9045818584836303,-16.90905848688239,0
0.7165342102831292,0.6336885949874987,-19.776548533823995,0
0.6896562034371593,0.574121344000988,-21.032598724819913,0
0.6893097816218583,0.45875733516244477,-16.61042403163575,0
0.6378644757622285,0.6758901458731127,-19.00356249438244,0
0.7753295210841192,0.7546527325563666,-16.9624530895362,0
0.7061214449794968,0.731188146871471,-17.944605153866377,0
0.6860444852571774,0.5611798704586625,-19.396787356952974,0
0.6402056597400636,0.6541878425045304,-17.271261096390965,0
0.593446951168713,0.8507489154972917,-18.49220422827729,0
0.8046371354039474,0.7606323438257203,-19.292808403567815,0
0.3749450945930072,2.8107131808893047,-8.747123660026325,1
0.5700865725944025,0.21809924030677957,-20.079406505006073,0
0.7610513840567725,0.6445158760626353,-17.516370141380715,0
0.7737984936186487,0.7197852190122649,-19.12248089333423,0
0.7099500897840744,0.4366163262190106,-18.041666553245825,0
0.8278488716601407,0.5986815716815833,-18.218066993414848,0
0.7173375713698306,0.5604451401190382,-19.129868017415603,0
0.5866541177640647,0.6156429483348298,-19.827479656966585,0
0.7292135200838656,0.5182955569320431,-14.959547005043845,0
0.7195917841370183,0.7935766496441989,-18.058239031173898,0
0.6517362520977475,0.6221953320949144,-15.811940456687644,0
0.7458847069501939,0.4681474670752875,-16.60207585952785,0
0.566586778704731,0.737619323039058,-18.38539836178849,0
0.7792453461954231,0.4103718606012442,-17.78284243519223,0
0.6297502637115637,0.7926741566302699,-17.817701061639422,0
0.6212043099906374,0.7486589136333845,-15.786959173281073,0
0.6908940182154018,0.8084662942981179,-17.004199570027904,0
0.7346378342434908,0.5762630441337576,-18.968727295231524,0
0.7131139250874743,0.5255829030324934,-17.57805739613433,0
0.6405872667382096,0.6126032641399639,-17.034822790295696,0
0.6595128567046489,0.5873344820466703,-19.410382858686088,0
0.609356612209803,0.5020895571654731,-17.407020786233577,0
0.6820256078696103,0.5169565028811536,-16.385413252553857,0
0.7860016971608728,0.5450440729100303,-19.028967181950176,0
0.6996589649884899,0.4244994470340206,-18.863182281101412,0
0.7687531403807562,0.7016944934399001,-16.607432993583192,0
0.8164321070180953,0.592155429364349,-18.42508357548779,0
0.6529585184770426,0.5537432296149529,-19.17841009610292,0
0.6850741397555707,0.4334468758587484,-16.94127234835911,0
0.8736954288849996,0.4259440533498803,-17.30777491592899,0
0.8155474729583956,0.8903871076083618,-17.886727311004705,0
0.452003650690209,2.706444341510255,-5.465200975761489,1
0.7309718652848725,0.691579259131399,-16.565237708166535,0
0.7000447993871756,0.6243951704850266,-18.099387490587336,0
0.766116248868701,0.18372173083378462,-15.630808334936756,0
0.6404016986011956,0.8688676234707888,-16.099932055887603,0
0.6328313302367462,0.7026125968164174,-20.38115813986873,0
0.6459143427765112,0.48484947685427865,-19.23614090811982,0
0.6542457163041253,0.5957450243355606,-20.706350183570684,0
0.7652259333447211,0.42762249488945014,-18.389657993669704,0
0.6055039061480896,0.87393307176917,-19.453461837960077,0
0.6501908880032544,0.46385134376378034,-18.97718207848761,0
0.5568790087598847,0.5215374004958011,-16.691318223860552,0
0.7805694258729898,0.4905658382778613,-20.105794871682097,0
0.8016824079544912,0.6120569100313755,-17.844317110763026,0
0.673834125530897,0.8055474750208971,-17.8515882690235,0
0.26643109949799637,3.35438960747209,-9.064882201405055,1
0.7362577521826318,0.5401505783666555,-17.843065581624273,0
0.8179585605902604,0.6567388473476883,-20.678738052498915,0
0.7326888598051133,0.6122858118906109,-18.97146541895723,0
0.6441966446019908,0.45275861033339126,-16.148398961691132,0
0.5704941942410847,0.9633833361893915,-19.436245302611617,0
0.6107898989869209,0.8044139343444383,-16.00006702372296,0
0.7058575560249971,0.6283673774566552,-19.688186894134088,0
0.6475737981439365,0.8372814140248481,-19.832448758894785,0
0.7155974164792607,0.7818160069076707,-19.142134580716917,0
0.6557660787011013,0.6122792011622633,-16.6451004380557,0
0.615348285496447,0.648894540799199,-18.655344995699252,0
0.6058374694837543,0.826818921356498,-17.585511613873027,0
0.8249883607498584,0.4580769628305479,-17.911635693579356,0
0.7711190199346915,0.8510536045982009,-18.065354619276384,0
0.8384414361462367,0.5662331158972326,-16.47105828887091,0
0.7431960720604082,0.828701511427135,-17.074178470815554,0
0.6656006873108128,0.5992160103805769,-19.37148383659485,0
0.805867273799195,0.6506409333709458,-18.330684940309997,0
0.6973545598910585,0.5948537465141311,-15.907872215963001,0
0.7176673416232281,0.5202234565783159,-17.61652585299848,0
0.6965740496739584,0.5594917652783532,-19.809415156909584,0
0.4642476624572788,0.806866710475285,-19.724446682852147,0
0.8283788009835882,0.2528754025991297,-16.93182562972053,0
0.7392803156766202,0.4141551082792744,-17.157075219388723,0
0.7263858448694808,0.4911792435962846,-19.1056386901648,0
0.6950579150183551,0.4382482811345968,-17.102843785230785,0
0.7130742256308904,0.8264969415623233,-16.080729435936902,0
0.6522176851323002,0.7886515466779807,-16.25056939240728,0
0.7493263481845817,0.6888047714091923,-16.07486635581305,0
0.5954321324480694,0.5043293898783697,-17.333413469924633,0
0.7148854745976437,0.8002577800191205,-18.213191782955864,0
0.7449258776456883,0.36178051110066833,-18.482976096560204,0
0.6841064692941677,0.9212973960221904,-18.020864266335412,0
0.7296694233976819,0.49730553042336734,-19.05122796534824,0
0.62069324862126,0.5606947167237842,-18.431158469422837,0
0.6227338583283228,0.5355984224257928,-16.469856302042878,0
0.7189373696821114,0.4390338878851985,-19.93088521012499,0
0.7542839723696841,0.8887669685905378,-19.848803670829703,0
0.550010747559863,0.718334194617673,-17.003363274697886,0
0.7417616508088613,0.782320581311968,-18.42020750962017,0
0.6565438799698929,0.41644960919088436,-20.31077162947,0
0.684575513015407,0.6271406740505999,-18.07360098760853,0
0.592838566114797,0.6781543033997105,-18.24494590177633,0
0.6318706207850633,0.6406134785324765,-18.5173013717896,0
0.7772900260424249,0.4259439823398,-17.177152768222218,0
0.702629069918417,0.7613250031695955,-19.599834682549915,0
0.6693777278632352,0.6182325124177731,-17.984417502168487,0
0.6906809317895172,0.45675539465354953,-18.253166993534926,0
0.739136945973144,0.32171241906710046,-17.954609726505954,0
0.735239559693067,0.6909999770234819,-20.078623389764065,0
0.6939978399682559,0.9675683601197251,-18.62717866576801,0
0.7874367288717334,0.44771185899805777,-17.976276970755325,0
0.7776370109525332,0.6255670575619449,-17.350608436442524,0
0.7330697623304316,0.7665745918637366,-15.784324193505,0
0.7043689426328056,0.4095521600848048,-17.032861933513175,0
0.7525856876095631,0.5280064846372463,-17.446613759239902,0
0.7251413937440946,0.4709761831107897,-16.47423024926355,0
0.7848640057444758,0.7477015042236819,-18.364586935851882,0
0.7719649101390645,0.7988283854031089,-16.135286203638174,0
0.6185396878865816,0.6238554397097602,-16.65687265192546,0
0.6131229463406634,0.47373988965088487,-18.535053348770955,0
0.6439000364476739,0.5335813593108228,-15.69125378912005,0
0.7780910952053537,0.505425222862987,-17.463677622111987,0
0.5738952802583003,0.453409670756549,-15.368437228725915,0
0.7315805911286394,0.5846942698772303,-17.636181294860034,0
0.7290034472874368,0.6862239726692793,-18.674315831412763,0
0.7930118446948954,0.6735386166642778,-18.921043972024087,0
0.714427095253111,0.5987651453145734,-18.426892145679528,0
0.5925432487532879,0.6085580755238046,-18.6855539304356,0
0.6232516031481501,0.5877673807365331,-16.47433373164957,0
0.605440358248174,0.40541826912505896,-18.0347690934603,0
0.6569644826933487,0.6240202345474308,-19.93682720707489,0
0.6853678746060858,0.5124561621818025,-17.744394820953975,0
0.6067646779023154,0.3978985171260844,-17.849384348267655,0
0.8176529592521831,0.6556058350673375,-18.562329145402813,0
0.5939774902438046,0.5082404945372182,-17.678889573618875,0
0.8076882739089984,0.6341630881888254,-18.052931319754677,0
0.7948130425151472,0.727145672260414,-17.23948155914812,0
0.7718642039751228,0.4574641918282152,-17.310025273580134,0
0.64449867140026,0.6138181923109457,-17.562116572321113,0
0.7273960703341521,0.3284365677404458,-19.558627084524076,0
0.5978103093159505,0.8298799635913914,-15.457179926229227,0
0.7728725628026999,0.3961400254666827,-19.867182843998773,0
0.6940812174770985,0.5227770506403938,-18.154451012178107,0
0.6672543828330652,0.8007569855645935,-19.313320021618562,0
0.6021004122674984,0.5648215610878521,-17.524394206007848,0
0.5017995105096786,0.4203903470549549,-17.83391313023123,0
0.6169167314371394,0.7069609848429803,-18.20251930154425,0
0.7890238556490324,0.7035798693226777,-16.17867265927458,0
0.6677733257220156,0.505022049095215,-16.66980489938746,0
0.6864536914307962,0.5212610218829401,-18.392538411709836,0
0.7524443486630762,0.5346886544072871,-17.035038429700496,0
0.8444535102493012,0.5689464058970953,-16.122383690593857,0
0.806000372395651,0.316054338461729,-16.678385952548446,0
0.6222131996947049,0.572786420832285,-18.163462302561005,0
0.5445943542850075,0.8675871297274722,-19.90836108171542,0
0.8887691407280083,0.46560450491449434,-17.610422514096168,0
0.8815193289327563,0.5124759609795354,-17.19766759752721,0
0.7150762877143426,0.42245735052054056,-18.923540280340227,0
0.5983609403534542,0.691824288959303,-17.97294567953035,0
0.7770581227115151,0.7804796037213564,-18.09946537051923,0
0.6913613051189912,0.7770476758766437,-16.33474723703371,0
0.6909615101514711,0.412798411665951,-15.775420589291892,0
0.7715567074484103,0.6749687595745439,-16.58974263563916,0
0.7267499797498639,0.8150625051321353,-18.102666819811333,0
0.6051348071188043,0.6764494661565185,-16.62274050366262,0
0.6740206451934421,0.6717614525015665,-17.221454153003677,0
0.7528922342929076,0.5292536132047262,-18.08987949165809,0
0.7408201777924014,0.6330164735690496,-15.48913165319604,0
0.720961325948678,0.7854477269559608,-18.885622127859,0
0.7746738363580691,0.6492313452643146,-17.275309229268547,0
0.6710626409746188,0.412758786595541,-16.99252722533529,0
0.7142935820175257,0.5315937488571043,-18.34499860742848,0
0.42995367198579193,0.781391930833349,-17.32903417454479,0
0.6640279844925748,0.6487114980526643,-16.865403299734627,0
0.7611122326860515,0.6178593117364615,-17.706438695366504,0
0.6687684426306285,0.516897670012995,-17.433005323988663,0
0.662701808662631,0.7782898770801652,-17.873482652461174,0
0.2751200203979946,2.495977494273857,-10.195377996740675,1
0.7802692714183316,0.7894783684527049,-18.274774403032566,0
0.7438770618832456,0.8163887432168059,-18.374157340071427,0
0.7660331678258467,0.546194063885075,-17.975327815381018,0
0.5619028830433688,0.5249746353939144,-16.57959735096203,0
0.6871639965387493,0.5765482239751221,-20.09683577840518,0
0.6775911193799995,0.605785986296438,-19.09124318005298,0
0.6775542634721158,0.8146529670187883,-15.26907594205747,0
0.6507177965025635,0.7748830109202625,-17.66977389987084,0
0.6723116582575988,0.6807704080881741,-18.488443256355243,0
0.7679715826165321,0.3853219851229669,-17.046177797414057,0
0.5469718917321736,0.3467967233104687,-18.942032400242432,0
0.8421835814424362,0.6360694117202554,-20.523346694633986,0
0.7387072900021169,0.7320394808401075,-17.574240062703133,0
0.696613448347183,0.5880649426520793,-18.876940600853793,0
0.772546731709834,0.8872356757467608,-17.87833226624412,0
0.5838532203865252,0.43763384343293465,-17.604719052193836,0
0.6468239275879188,0.41874720757566014,-17.829460596521066,0
0.6903139654087557,0.5003578538288519,-20.05079449453438,0
0.8092448296345741,0.49465541802131463,-17.96846298889511,0
0.6962802735098753,0.6789428803022969,-17.46647767036271,0
0.7360043736948116,0.5367432222234746,-19.680071115869094,0
0.6528336803251097,0.36782393080820075,-19.82300827061584,0
0.7389473655173993,0.7337367685042675,-19.282829503025276,0
0.8341791674379565,0.3360072110891805,-17.103882313487716,0
0.7796421353339291,0.4393172665483936,-20.397978895785084,0
0.6934835209777696,0.35659401438841964,-17.004271378626775,0
0.7540392677812375,0.631068191560631,-17.529533102051722,0
0.7462013563685769,0.6279071568226818,-18.309002340638298,0
0.740527013735782,0.8874681481524529,-19.776755594880495,0
0.7889562688688326,0.7370739984218325,-18.955761053869463,0
0.7883582163069973,0.81624692750133,-17.06171513758724,0
0.6898273122500093,0.643291447694774,-16.491929757787968,0
0.7513503249182215,0.45346022683641546,-19.237635381169518,0
0.6693524063072165,0.6192161402990244,-16.629763787659467,0
0.6261542082947538,0.688863151108096,-17.176949720750244,0
0.678440499543681,0.7055711073377362,-18.008204637317743,0
0.6938977478608334,0.5291381783837487,-18.88542615556848,0
0.5670735208657606,0.6733179710673598,-18.69766802553599,0
0.7688266047533376,0.46004580437381026,-15.81249286061484,0
0.47861396619180807,0.4435083608833924,-17.78586982294433,0
0.9171853551589056,0.43263229329217723,-16.40415798958691,0
0.8201503307037055,0.6036938982835195,-17.71013042005423,0
0.6791193020662148,0.42332454673855446,-18.54323751070972,0
0.7007541088451018,0.5362883415193488,-17.299091783477838,0
0.7242377498869826,0.7354374827120936,-15.41059791350413,0
0.6528671689608846,0.4456305482882542,-18.772939992583318,0
0.7154095318069549,0.5243531949743525,-16.903357315863175,0
0.688480001783867,0.6107446915164254,-17.771389221254847,0
0.6924581826215227,0.63703303522984,-19.739421619646777,0
0.714516885078451,0.5251064113791658,-19.7662486114079,0
0.5949177761316804,0.7180290103102736,-18.542380496326256,0
0.7031655779306918,0.6885678451177086,-17.583013699030897,0
0.7130758197293982,0.7709784906542554,-16.945952436373783,0
0.7103079697084731,0.587759711347941,-19.88509566477748,0
0.6827335395651076,0.5230771785815485,-17.216762975811434,0
0.7910286220775498,0.4976051966981817,-18.142056306636245,0
0.6717077956094759,0.6460541276894044,-17.99602346216094,0
0.7181860725458552,0.543426632578309,-17.293665784760584,0
0.8037838027140436,0.5146245333478816,-15.904673615859211,0
0.693649908798375,0.5327569103632016,-17.63562983951268,0
0.7171570613974041,0.4974464272313622,-19.628084379250847,0
0.6922892290948082,0.6298531669144097,-18.22451101551507,0
0.7989895834850879,0.38811252261839085,-16.977439172224223,0
0.6793820350730964,0.6454524438712443,-16.937947923700143,0
0.8026683661830564,0.7014823140604425,-17.20101075109163,0
0.6917129684282348,0.5128681292734053,-18.612037386406882,0
0.6312432221241586,0.888305540940982,-19.641390357140754,0
0.7543498536459297,0.602643196646528,-17.292590693011284,0
0.6756265732995475,0.3657985525350167,-19.457084231517516,0
0.749640071927933,0.5578135640494994,-17.16838678028978,0
0.48897641339463555,2.106702374722741,-10.99409408276076,1
0.7004164209515956,0.667345133335532,-18.561231524077236,0
0.6632315760994015,0.561385421383373,-18.134955947980984,0
0.6149393050774977,0.4482644586443414,-17.761586559456536,0
0.655740719852816,0.4357529072831576,-18.737777607985333,0
0.6541037484565878,0.5019601072227493,-19.658016040932065,0
0.6961611364119534,0.5163336956221856,-18.047063132456284,0
0.5906138830972035,0.4297538752651114,-17.921960867424186,0
0.7253019024207771,0.4900780258344451,-16.366743163616338,0
0.809297182816463,0.6989187786659032,-18.93839048595343,0
0.722474279755826,0.8472618911541729,-16.717804591462667,0
0.7647190887383206,0.7133192570806445,-19.37648337471172,0
0.7875649963691036,0.7958791629280219,-19.613522639638525,0
0.7989191609747341,0.7461177702350547,-18.36103493365113,0
0.8496110954257043,0.7249695492597517,-19.12909081273167,0
0.6600638401379255,0.5493305605414007,-19.630338968854133,0
0.6425212811871106,0.621136631758042,-15.666803621022272,0
0.7626772518659788,0.5369070986315967,-18.54197716362713,0
0.7566612975725919,0.5671339256499559,-15.226435695892501,0
0.7620540239692551,0.6102250650579879,-19.19368055867829,0
0.8511425963400201,0.707034922736854,-20.050255879959597,0
0.7009095927038795,0.6634985072272686,-16.450452337286013,0
0.7340925247716947,0.5757256105478465,-18.8719879587123,0
0.621568939881322,0.6083308111337499,-17.833361042161417,0
0.8708256899180766,0.665019551129029,-19.62676018201546,0
0.673076406303271,0.7001091657086752,-18.045735770316053,0
0.6753427257471336,0.3721507255114196,-19.64595128382851,0
0.6722600087193406,0.43839165541515945,-18.08868887725316,0
0.648408331308453,0.7660965800909013,-18.568719047386175,0
0.641645036092188,0.5908695645103412,-17.723678723536676,0
0.6581036573688379,0.5363885109949531,-17.249170354669427,0
0.5907363257559244,0.5604750790610942,-17.710704000960934,0
0.6371745663789409,0.5604442041635169,-17.458744149405423,0
0.8559170489158094,0.683690667228656,-18.13083921047943,0
0.7588524114913094,0.4337975409028849,-18.522382441878765,0
0.7740723341382174,0.6037166619745141,-17.435857580652517,0
0.7941767029933532,0.6369176594175606,-18.133737379053823,0
0.8467307651489913,0.6594401874848255,-18.08797173853697,0
0.5582861958844925,0.633429599431544,-17.522706041463767,0
0.6016093507770767,0.6773859345471043,-19.239858717627023,0
0.6357021071284251,0.514095577341253,-16.28446668708668,0
0.6624216162808322,0.4587295901512567,-18.299227896667517,0
0.67595444875318,0.9685506664875769,-17.850982060835914,0
0.6642417957755167,0.5548102973138646,-18.053423337516694,0
0.7175447130505643,0.5723318294018148,-17.216708215317457,0
0.7028236312596172,0.7016760146576826,-17.592981994834993,0
0.64217321638574,0.8394133938291362,-18.059908736243393,0
0.5259560978409944,0.5183207824597956,-16.261495060635752,0
0.6205705035697041,0.4501777097715711,-21.844014731045622,0
0.6560609077349939,0.4136769973812584,-16.508790743439665,0
0.6802336450553824,0.8389659332254388,-16.895741513770847,0
0.6096266032551569,0.44428395203084486,-20.202979959362935,0
0.6607354826802864,0.595866609522665,-16.884860138739295,0
0.609521008921153,0.4534072751935546,-16.729839065328555,0
0.6899344518761333,0.3827466123062544,-17.32588381214273,0
0.6141526937309907,0.5561436970359471,-19.8709049324177,0
0.6320876274903628,0.4593320000488259,-17.18081673892293,0
0.5953052695208688,0.49625573618650304,-16.791363772797688,0
0.6877199443544173,0.9009157646126105,-18.68664779373705,0
0.6306841784038081,0.6637344156258604,-17.47063937281673,0
0.7725427413340343,0.7397204279330983,-18.423849474623342,0
0.7324680213354319,0.7236989344273879,-16.937547611379788,0
0.6944118505453085,0.5848708615381463,-18.376208022273293,0
0.6362011602124968,0.5340422460933564,-18.696140955415213,0
0.7304416244253041,0.6373401917791675,-18.047155851203662,0
0.755256071147891,0.6252676154898741,-19.609982544580028,0
0.7114150729761304,0.5146791874252038,-18.166298379878835,0
0.8282961484373543,0.619477174570029,-17.565488715170115,0
0.7367709854459852,0.49405054399555615,-16.956048876760377,0
0.7730885774054427,0.574281310403874,-17.70125191363416,0
0.7106852332428782,0.5497074788223995,-19.719121964503678,0
0.7540531562605581,0.4096691111091331,-16.377274634124284,0
0.636257501386466,0.24732626803317448,-16.276609792350914,0
0.6633281309429765,0.4591405125090451,-17.86491929367506,0
0.7279490842785903,0.870615699687945,-18.902329945378387,0
0.7273679585245905,0.5535477326944908,-18.637941523753856,0
0.7406089458354598,0.7163952241344607,-18.244226877261703,0
0.7880314313822983,0.28133322853599624,-17.665597852562808,0
0.586002306254767,0.4487570898053508,-18.36538233781169,0
0.6220437961911762,0.39682655739564743,-19.03006504068141,0
0.7183658112859402,0.5696549984869328,-16.772388138940276,0
0.6420509094557231,0.9632933220802864,-17.691256934311077,0
0.9702214593031488,0.6690358414841877,-19.262846426923137,0
0.7412575695336109,0.854341879991713,-17.650427452457052,0
0.6937335320855874,0.5618344908471504,-17.8057550054651,0
0.6587624581532913,0.8047304060782607,-18.861663494333268,0
0.6615870173445564,0.9109885060024336,-16.565940288466816,0
0.7024112529052141,0.5835946400384312,-17.83813295228722,0
0.7089585546097006,0.5191102933158953,-18.259945970498602,0
0.6634640684245189,0.40232835945147705,-18.100178097690506,0
0.6781478202784078,0.5536409612134545,-17.467299844974207,0
0.8075427660187677,0.6122845012801187,-18.086620097436125,0
0.8107603970120827,0.9046430426023724,-18.09665240764665,0
0.7201627183947901,0.405753903885587,-16.720841918009544,0
0.6279963624223556,1.259448929239745,-8.68673724222798,1
0.7430802525311234,0.32785378179155744,-19.501863767513953,0
0.824342595328882,0.5359855756742148,-17.067643968009676,0
0.8095824881569903,0.6467093036118028,-15.100980255499639,0
0.7587540682247733,0.6768874729032837,-16.948205459817537,0
0.8137938364228657,0.6883534619462882,-15.762949444712731,0
0.7042707417983217,0.6596106049330268,-18.521245936458875,0
0.7502482375866963,0.6870632910144361,-18.764497414005383,0
0.6455379546939856,0.6068608693503995,-17.45216019210474,0
0.7233812364924569,0.44282005410165426,-16.855621248207562,0
0.8063627395176419,0.32225145544799155,-19.573861081538826,0
0.6528461270810487,0.5179968267394175,-18.2558620473958,0
0.631084525642857,0.5798076850405155,-18.032420601172863,0
0.7077991151218957,0.788089769576322,-18.814644258822447,0
0.68186702370208,0.584909748726572,-18.674666191854893,0
0.7519318176856336,0.5705146448674961,-16.98831683872897,0
0.6637392379242366,0.6578290690262669,-17.436378622691013,0
0.8374751692482171,0.5594982018823197,-17.041858293768655,0
0.5968259121631155,0.7215812998420408,-17.595750371552672,0
0.8002987828975787,0.8969000427575817,-19.047908012223047,0
0.6388120617353517,0.928617827131605,-17.492276337792994,0
0.5563213812332781,0.6145560940866733,-19.14251148285301,0
0.7190300125079093,0.6505338547043172,-18.37410400684121,0
0.6796313611188892,0.8368284180560225,-19.24349838578187,0
0.33283263460752166,2.3565180644615777,-11.41882743730705,1
0.5654898486627788,0.7018788212886269,-17.89142538317458,0
0.6993311370182834,0.4297259805471262,-18.548988725394384,0
0.7780669513299054,0.5533741277587503,-19.059794892029373,0
0.7467962794469155,0.7734171924967961,-16.634643034101504,0
0.7045365319071412,0.4922706549318565,-18.14351006085343,0
0.7383078058574187,0.5807923231905483,-18.633513655719508,0
0.6978228694097713,0.36386855315968203,-19.29887893284237,0
0.5856220605575703,0.9008652441764455,-20.24639386217178,0
0.5863284811821246,0.7894542104725355,-18.266456416477347,0
0.6837465176812256,0.6282149349229122,-19.653862444223964,0
0.687147737090714,0.6761269308123492,-17.145556248766855,0
0.7680786142805411,0.6593847160415053,-17.964610566481767,0
0.7605843379019798,0.8076467629546178,-16.129967065034236,0
0.7484106412607159,0.5221799936442941,-17.73231087211544,0
0.6775773829538255,0.7098401429892347,-18.87198935671158,0
0.5895478263911887,0.7616124748278259,-20.25600912284214,0
0.7329656909652819,0.7822988955714685,-17.032147363509893,0
0.7420135450609734,0.26109436742524533,-19.558737912642467,0
0.5089174830017851,0.5101088282602283,-18.489773427227714,0
0.6332529450733869,0.4471244068047144,-15.991094104134104,0
0.6447156498084883,0.6224382428356029,-17.266819981141527,0
0.7094680160898749,0.29759546707285917,-17.53216145455807,0
0.6357311653787444,0.29315656635815956,-16.86681306825587,0
0.6969492344940287,0.925514248781439,-16.911540217313366,0
0.6831572047717606,0.6926534082395011,-16.102864281654995,0
0.6872680422769817,0.6181513864798217,-18.72261522056264,0
0.6426884565039402,0.6545508971758474,-18.452020984116917,0
0.313432291746948,3.3362570784326984,-7.23709670674328,1
0.6135786352175445,0.7496025984827288,-18.03923716366077,0
0.7304053952459065,0.5051333711904031,-18.158679275004232,0
0.7456882102873095,0.6279922239110354,-20.105942684802688,0
0.6383505639899728,0.6341131901906573,-18.784680908513455,0
0.8216512076813636,0.44297130623124936,-16.27306015896124,0
0.674831884204636,0.7915474588594579,-17.7069496861355,0
0.8224148499037248,0.5331484890147886,-17.141521658295943,0
0.6486298260934716,0.7526132504713351,-18.144653601420817,0
0.537873777872045,0.617236908955722,-20.26451222903741,0
0.732175825992988,0.8450377248613586,-18.154363106195447,0
0.7198836084095189,0.44379313672177134,-16.749964130974824,0
0.7027515036246066,0.43728617977343254,-19.42282054949269,0
0.6486214017244808,0.4641456613493537,-17.103553287907637,0
0.6972342219611344,0.6199943325771561,-20.042198003151213,0
0.6590992433704378,0.8312202593667307,-17.9757705141212,0
0.6758120346934599,0.8389640427247875,-17.346577859824045,0
0.767330580461206,0.253504709934234,-18.37453502912327,0
0.7147373783624075,0.6374560741833808,-15.033034151455979,0
0.7487961109865582,0.1180569584227466,-18.591828524506322,0
0.6814505194699367,0.7192547690677552,-18.694099485213844,0
0.672638612335618,0.767725412234281,-17.754609549773996,0
0.6077213975289084,0.5939633587961721,-18.90596776300465,0
0.6703970709945442,0.6125972366242132,-19.729605112578373,0
0.43431083555286887,0.611045833941036,-19.31720372990666,0
0.5000843030280379,2.0006532479419326,-9.688817870317747,1
0.6934500658247328,0.664755867798222,-18.365927470650426,0
0.7450938923416124,0.5652887997520114,-15.957574859397688,0
0.6785057697980034,0.7395437563934427,-18.529483494087042,0
0.7278138833796,0.5829559598221155,-17.147387574321243,0
0.5256169070887803,0.47084653402676113,-17.386989624645754,0
0.695453051823444,0.36962029937017343,-18.547380968616025,0
0.5656397765669277,0.3203902762416432,-19.05457071499909,0
0.6033357187472533,0.7968764015931653,-20.078164438711138,0
0.685026756170891,0.5313315970711471,-17.336255064383888,0
0.8021011190298843,0.6507861285122473,-16.562088320939825,0
0.7296965410776046,0.8674844837616777,-19.90791680610508,0
0.7014584797709693,0.5155793503053163,-18.44453392199601,0
0.16003297191411184,1.0397376116623136,-10.30651682633524,1
0.6429096885436426,0.5801757371467013,-17.33835701961575,0
0.6564813269301852,0.6044149050629989,-18.3943832255432,0
0.7341900836376637,0.883132702538377,-16.41242331549862,0
0.5891711585244404,0.834873089114117,-18.46127182916022,0
0.7474443240226416,0.6931313123860121,-19.483660151443086,0
0.6689194346304917,0.8174120653495301,-18.562566390252975,0
0.7660445659895652,0.5732671481148216,-18.430337520190506,0
0.7768874765785666,0.6448746850782717,-17.368680065406405,0
0.5661532789995407,0.5547729533191957,-18.44822286643858,0
0.6534735389418225,0.4064447426130541,-17.471884183919546,0
0.63155778496475,0.7805812112690392,-18.948581126506824,0
0.5549817627941485,0.679754810098479,-18.353612015753587,0
0.6173973379032471,0.6027110210135496,-18.942041132055024,0
0.8953004676212272,0.5996298226031737,-19.015969907611364,0
0.7487607916969952,0.37406776936402375,-16.470199731259186,0
0.8533830374884603,0.4533787000270927,-18.858155485751123,0
0.7663278752014668,0.6504229755171037,-18.41712573857732,0
0.640652547119322,0.5206330999088241,-16.746474648060683,0
0.6694583042660766,0.5673430438173764,-17.099998324474164,0
0.7470748944192246,0.5843015902831348,-16.03055134000616,0
0.7350004962778429,0.4976296846474334,-17.420637762594986,0
0.6538126387433333,0.4548122519963924,-18.72047926762327,0
0.5792005463536634,0.358146355361194,-15.53142642125292,0
0.963020894991099,0.5780222581482689,-17.301503106533676,0
0.6887080262125755,0.6927912821415425,-18.185634406562,0
0.6739408885453904,0.3534548786670074,-17.931041340359375,0
0.7090667571124241,0.596392826235026,-17.784862104659144,0
0.6805817128551177,0.6421714879037341,-18.28417424974719,0
0.7098183126164387,0.4515629394406283,-19.6510267223006,0
0.8029557828893135,0.8133212717322131,-16.047934737304104,0
0.31853091712119075,3.041630913561893,-10.40505808413086,1
0.606983164853779,0.5848110467315233,-17.779804184756827,0
0.6870684964417111,0.5758095749103032,-15.506227128726625,0
0.6628478574872071,0.3343838366113416,-18.819942315861102,0
0.813911914979748,0.7513128107526066,-17.213417610343075,0
0.7936895251790056,0.45667218473711435,-18.95075842028398,0
0.7086020000344638,0.5645219226891395,-17.614774604945474,0
0.5977011316144595,0.6896491501916993,-17.75819310449837,0
0.6019286189248043,0.81913551392168,-17.05127868343162,0
0.7012098609267643,0.4380101577154741,-16.5501975387716,0
0.7269058375457024,0.533027462160836,-18.695425309439607,0
0.6700301744539156,0.807362794501073,-16.299990191131297,0
0.6615864332634213,0.669557081891317,-16.215022873726426,0
0.6525760613457082,0.7006757038577412,-18.29998246163221,0
0.6981284831804843,0.4423302396335748,-18.007899097683755,0
0.5093790118341548,0.5431185705110163,-18.593220143939327,0
0.6118938696984232,0.5748246851429354,-18.366529456612366,0
0.6498359323642119,0.47131578639855387,-19.44417078630008,0
0.7966002555961536,0.34881455614891393,-17.06695707320497,0
0.6348949086456857,0.5234252161854606,-20.460352671029725,0
0.7144374513464965,0.8031432299376644,-18.836513820915222,0
0.7181234200744796,0.6088760198340744,-18.05539446128348,0
0.8038333204528609,0.8061436370360064,-16.440243203486474,0
0.801006192557132,0.6268531371344279,-18.654293483162288,0
0.6953997624964067,0.4852938405618056,-17.486577994676907,0
0.6619612207048445,0.7916428519847583,-18.097180937340276,0
0.6468933517739447,0.6318489211001848,-16.8658573194332,0
0.6807149422027374,0.7442758248641096,-17.549297101251156,0
0.665277331654112,0.43975077433191423,-17.00374873435233,0
0.7442901927486585,0.7558134434421755,-18.66076189818551,0
0.7336247853988163,0.7603333913316297,-19.216829872990004,0
0.7473440952916012,0.6434650716534803,-17.559446017135965,0
0.8007426969148934,0.4789616871285326,-18.58527362284711,0
0.8490295297120141,0.5930986756931081,-17.963611353780035,0
0.7099730714726045,0.6916936720857366,-17.619270071683093,0
0.7879571017116522,0.63518550299048,-16.50971096321433,0
0.6718671852932627,0.6901624107161646,-17.056115227932,0
0.7948005586866412,0.7518368861479358,-18.817211607328765,0
0.7849207325740675,0.5027330019942118,-19.37402668530907,0
0.7806732775954393,0.4267386568559791,-15.951142674294664,0
0.7075255872953219,0.5943691797941637,-19.899191606369214,0
0.6465313468807289,0.5505385261695198,-18.54300341722926,0
0.5884377249707619,0.7178769619734224,-17.22570621561346,0
0.6967970233983121,0.43882524155117875,-16.03348650365996,0
0.8226410033799346,0.7530572811266519,-18.227593830149033,0
0.6752124078908741,0.8030418164320149,-17.96718840687493,0
0.7628101268368044,0.6000457446393435,-19.05003290591691,0
0.7675161120415145,0.6091104188371956,-17.848060665437753,0
0.6773051023258261,0.48486802481547703,-19.380184775161055,0
0.8053075870015616,0.51860086515389,-18.900341943862383,0
0.46730714044155963,0.5387494979031474,-17.083331335033822,0
0.602179977700946,0.8164410101756896,-18.52029218023431,0
0.6267494162913232,0.5892193821283839,-16.899301293536315,0
0.6344227981706088,0.4016740565039987,-18.184208551978934,0
0.7269010360948716,0.6383031513168005,-19.64260811144498,0
0.7232030242443122,0.7239435186933414,-16.59796166914644,0
0.7315192457740006,0.5961882946017607,-19.578391302062265,0
0.747686519530599,0.8203820159590484,-18.722145010632737,0
0.623991634468348,0.7166263000898847,-18.239638898325772,0
0.6025459146554144,0.4426306905168219,-16.79300565520895,0
0.731705574560629,0.5172850781405397,-18.63178178722829,0
0.6495814341082848,0.6339339422136913,-19.1120605949641,0
0.5743619963705623,0.3500716142960089,-17.804792314127525,0
0.7777075427633184,0.6504535106205922,-18.256758867871945,0
0.8116081525201838,0.3357626359118027,-18.560868718846994,0
0.8245728711758927,0.7535150183346764,-17.740217572214586,0
0.7149606177179776,0.7360910527187562,-19.44431545847176,0
0.7500745676778322,0.6757172041372606,-20.066208649158817,0
0.8095894578689529,0.49861824534715327,-15.433523871278092,0
0.6486867367981253,0.6255304236920308,-17.874976687966107,0
0.7888542147243274,0.5229933768728026,-17.790982941645275,0
0.7220316987314567,0.44537770838249,-18.938387256812494,0
0.7730969321874073,0.5491885482342883,-16.92276138780719,0
0.7148874416700748,0.7047398304738143,-18.640182312175014,0
0.8037005367798401,0.6065721289247641,-21.343377225336642,0
0.7178819010033229,0.8176064886201635,-18.680440008610358,0
0.5812816752426065,0.7148670809220412,-18.33769569350934,0
0.8161541305851777,0.6988036220858428,-18.204100325201416,0
0.624197540722231,0.3586610175831594,-18.238813995293498,0
0.8002446568195131,0.5572262204767082,-18.773897540371532,0
0.6927805694847742,0.4403441384348701,-18.889825271644042,0
0.7940808788158165,0.5725495680564143,-18.357574400150437,0
0.7907814891893412,0.4960085814115265,-19.9745713044431,0
0.7344114379452297,0.5433592570413092,-20.349115552572652,0
0.7406828254101704,0.7591744098560775,-17.882333412096433,0
0.7338102893754053,0.6712874893508751,-17.86231815088201,0
0.5388940194975137,0.7510671643472452,-16.944719303935205,0
0.7094664175118561,0.35989753364760213,-18.306678372444928,0
0.6107148659142484,0.6086962044923495,-19.432352655729034,0
0.713694971499653,0.7450057472094901,-20.32757617823756,0
0.6085645962893427,0.8259443872330734,-19.068235291148238,0
0.6052038447019139,0.367786741546126,-17.492976307130977,0
0.8283947601403121,0.5472774545758244,-16.270261315909295,0
0.7855557910499351,0.7551340011007144,-17.935097504674182,0
0.6996685932044676,0.5711582530782832,-19.456307868403336,0
0.7147814920199219,0.4634373488745414,-19.055904723006083,0
0.6801667179405593,0.36750012322559883,-19.018447108877183,0
0.7455901100783617,0.4576947698005249,-18.487186321877772,0
0.6459156506760956,0.34666474971544065,-16.654925490006157,0
0.7794992210294366,0.6087690685251038,-16.56130865981186,0
0.6797530527188711,0.734446527866799,-18.206707073729863,0
0.6664122403335017,0.4108537861637094,-17.780315867863685,0
0.7017370414787873,0.6386594611816578,-18.957069471448158,0
0.6527082536059511,0.7267906544168801,-20.051890133224447,0
0.7262945879597186,0.5995937509727476,-15.853993975844705,0
0.6570109928549279,0.3583958557624132,-20.786984460712247,0
0.7374818882255069,0.6579317331993755,-20.203008381197463,0
0.7972805231129181,0.5918029582853295,-15.844312973808425,0
0.6424542650553461,0.5765243027098716,-17.980061514395462,0
0.6895539634163863,0.5179744131359303,-19.351097888505652,0
0.7369064570428336,0.6130181139411062,-17.180755642692827,0
0.6651314116014874,0.6764726862670439,-17.072336032744825,0
0.7371456448661332,0.9585972201503773,-19.599222774177292,0
0.7444319088521392,0.6168498102580807,-18.63941445176349,0
0.7866609421035443,0.8266711740019009,-16.948504963553134,0
0.651520796313207,0.6536632625140315,-18.98028689564459,0
0.624577980781562,0.585070750852837,-17.6614035136634,0
0.6753938088349004,0.6222821291566939,-16.29022537636047,0
0.622579812836232,0.4167395445461236,-20.870981797849343,0
0.7451598563237998,0.6458790406128057,-18.409497983194516,0
0.607059895985887,0.30119024027679414,-17.686036801719013,0
0.886641313460215,0.4706000463167202,-20.15045926313209,0
0.8036742289259,0.6164764639700716,-18.635533668302962,0
0.7010060615680251,0.7790973409768266,-16.746601627029825,0
0.7693915594398381,0.814593659549759,-18.845178178492667,0
0.5690558508551367,0.5645180130538597,-19.78119172306291,0
0.9018698665119647,0.6233575979295661,-16.643001812205288,0
0.6527828310239608,0.7476543704373042,-17.46659796776348,0
0.6903602068880512,0.4005759641710621,-18.082627549805544,0
0.551525337024925,0.6607121257973255,-18.118070192529625,0
0.7389029843792715,0.47581606989512865,-16.76606103467407,0
0.6114924674338312,0.5742262432984921,-17.646566009988923,0
0.7081324609252823,0.5311465124258526,-17.22526542447775,0
0.6564580453660369,0.6653037190572221,-18.831079673768503,0
0.6137804852055725,0.6825455511013635,-20.300826010568095,0
0.6356510798589906,0.7336618016096096,-17.253703559749855,0
0.7180630427268416,0.6522298242696672,-16.678886494000583,0
0.597480722170494,0.6257480654953345,-18.26947436120698,0
0.6400950663181137,0.8781035700657902,-16.934692099447783,0
0.7530618705011581,0.3713461394704234,-18.4022553518123,0
0.9081983899899451,0.854341479019386,-18.108838993582168,0
0.7382071055642403,0.5565267136697405,-15.897085453935272,0
0.626619068625817,0.6856337379552457,-18.349824064447716,0
0.6706308663942151,0.5511510479109598,-18.420683271064075,0
0.7025271204922062,0.4946187555672561,-20.243975427848778,0
0.6720460039491434,0.6726865789191343,-17.17191220802281,0
0.7722446533389546,0.7563192462921664,-18.85180963854517,0
0.7173978786411379,0.6709511932451108,-17.82332998678477,0
0.7726281907927895,0.5186826319975676,-18.378046904919263,0
0.6748444967761896,1.1417025094223505,-18.534951258590333,0
0.8060400175777005,0.7797860506299378,-18.14127538783397,0
0.6866811532574763,0.7400013456310879,-18.04902280747129,0
0.6223048104689606,0.5470553653886694,-16.58870512843773,0
0.8741856304833777,0.5062251317566441,-16.175745771968906,0
0.5540017802431106,0.558024138623559,-17.219141877070093,0
0.6409009019756058,0.7622109816588725,-16.47413290383497,0
0.6498377718535684,0.45140934943862576,-16.97502303510394,0
0.900664501844525,0.4397694252818525,-17.406463077677017,0
0.8445487107317209,0.6809321300041526,-16.25382847764787,0
0.8195142514913758,0.647879466696318,-19.57016955711039,0
0.6735473070098934,0.4844529693163656,-18.821354641499084,0
0.894094240307342,0.4363194632377163,-18.985081832227312,0
0.7294681603072777,0.8156845490052648,-18.36166549996735,0
0.7781810696242497,0.6535506637949343,-17.176919570298846,0
0.7143756304884965,0.3954696204407951,-19.338124142624096,0
0.6960426742941398,0.4059561695876559,-17.396640963826673,0
0.6798577060858896,0.5457732041324296,-18.704473102085085,0
0.683228800526467,0.7099262710496449,-18.416476863824332,0
0.7486793318942463,0.6892513203162419,-17.759501203879374,0
0.729375983902031,0.7697517805501826,-15.982502233126201,0
0.6974822903837052,0.3764475288808804,-18.854816462704953,0
0.8207619194159084,0.6335770034669485,-18.096112072192124,0
0.4626597545007415,0.8138865498482041,-19.293870270716468,0
0.7407909798336956,0.7999202595714148,-18.866337259613665,0
0.7574190965327183,0.6538364972119028,-19.30480972190937,0
0.7917570294604135,0.9522027762980814,-17.706257894440114,0
0.694810284715731,0.691392767462379,-17.489629476613466,0
0.7166336053907165,0.7564119949262014,-17.175540783931407,0
0.7788758706651777,0.606667187816326,-18.90437965308761,0
0.8192933123424143,0.4828537060733569,-17.39046830574597,0
0.6759571211856985,0.4687186198831881,-17.86427990610238,0
0.7213580626502047,0.627242282219163,-18.069302996701595,0
0.8342859171479006,0.568274698972469,-19.48970739300925,0
0.5300778339296919,0.3347121495129778,-17.81609580081826,0
0.6447989920148331,0.4461309622611388,-17.778052056106603,0
0.817266878288237,0.552239463891886,-17.87792586654932,0
0.7874030266886642,0.7090919063905738,-17.51993909126735,0
0.7417956168741355,0.5975889170756888,-17.166485209116683,0
0.6641122501512704,0.5891903684249229,-19.317627970749264,0
0.6294545200811664,0.45196310594950256,-18.260035303714023,0
0.6527027504606101,0.6034749120093148,-17.381078878122906,0
0.8238406576654953,0.7978651541168982,-18.32207378505,0
0.6497245848675722,0.6233362669137835,-16.848691731525786,0
0.7081138371391726,0.3739029627777207,-17.891785803968922,0
0.6397033884110602,0.41227158085432036,-20.345907169348262,0
0.7674219224079222,0.6883183315834729,-16.99268529696277,0
0.6569018975722847,0.566352678716607,-18.140523872226396,0
0.6921924887876468,0.5888129654844728,-20.123652999750345,0
0.5653294293565739,0.5080898737477865,-18.302747832344156,0
0.5709305411036047,0.6755118318299869,-19.522037254337537,0
0.7006138554657204,0.5548623430131976,-17.096242457287016,0
0.593987427584179,0.5720080167407093,-18.0430091761754,0
0.8684069311467602,0.47231649125053105,-19.10849443776212,0
0.53507815103102,0.7382536947214154,-17.026982331644568,0
0.6359859761068716,0.5668300812575368,-17.449769200804504,0
0.701336069381404,0.691182049967964,-18.28291768443043,0
0.6707893649763372,0.4209612653948973,-19.494716927443633,0
0.2847049844167919,2.615900953366843,-10.775215231291064,1
0.6233657728403785,0.7916061057769833,-19.028949491647246,0
0.6207476738000609,0.313530349551161,-17.104203356082735,0
0.6770622644143949,0.4797093787404427,-20.01707674277307,0
0.8561543271613938,0.6716451586514827,-18.0566817798757,0
0.7062349837246568,0.4020407015776494,-18.300341268926502,0
0.7946320391510019,0.5802608876755011,-16.7573531786695,0
0.7405581076662513,0.6639947678965195,-17.720716130789615,0
0.7891089918385776,0.5722911132030775,-17.3577476578276,0
0.4760028557925131,0.6808258055305644,-18.630432004476024,0
0.6756433583081416,0.49600051430971775,-19.477197825006314,0
0.8045708338520571,0.26337276867478165,-18.39057117105179,0
0.6542611341800533,0.7473172968247591,-17.067405136888283,0
0.840997853189569,0.7463721980403795,-17.07013124261788,0
0.8187112123014209,0.9755454963432498,-18.516705085338835,0
0.662469542709803,0.2689220223098528,-19.03289256557827,0
0.6597469184762914,0.7126248164020224,-19.268014949888624,0
0.6189115326116424,0.3046976792874919,-18.163951923271874,0
0.6496324614508961,0.8634739922512978,-17.836138593936802,0
0.6013928748664867,0.6731800250544014,-16.23217018442909,0
0.7343048944346404,0.457210672848562,-17.85200309085735,0
0.5835162805322853,0.7170333711902153,-17.263480807431435,0
0.7482986412952177,0.5170432488424596,-18.936561585485062,0
0.7502462957520198,0.6450624149326903,-17.949958794085052,0
0.5671036475852862,0.6308941074313625,-17.83190585335576,0
0.8239854885062671,0.8616252204220942,-18.168636633413254,0
0.7410887435532177,0.8722388865129769,-18.02618255624391,0
0.7599758417155895,0.5104101940089741,-17.848537838855872,0
0.6393067838765781,0.7587158426994054,-17.42275582428682,0
0.7497903294778494,0.6532260233355446,-16.597058347903484,0
0.7901114759777652,0.3880976899489632,-20.718657349967653,0
0.6921113280796257,0.495565742944173,-16.663514983033576,0
0.8601537967398689,0.9504219149399435,-20.05296973958157,0
0.703525170793035,0.6536781601656982,-17.629484614755896,0
0.7912628640361979,0.7499669369276283,-15.173245237093832,0
0.7234407045806923,0.5681933531449513,-18.05104834611094,0
0.7468417226285494,0.5190087127920987,-17.78397703270243,0
0.5662934185892181,0.6040896761451712,-18.37231165670456,0
0.729684299057229,0.5600843917130675,-17.199285183282075,0
0.6412019918994187,0.37601206034526025,-17.56534973683231,0
0.632288135537785,0.4495011813818952,-18.811256693734887,0
0.8395282547572782,0.7061826771618346,-18.137223666221786,0
0.682898380155012,0.5428963966346383,-19.342123804532655,0
0.6197358535219603,0.6038557323041861,-18.14272970547878,0
0.67126946975129,0.6352384575745815,-18.503246624300083,0
0.5959639816862469,0.646957507322808,-17.83615085809114,0
0.3000861048529634,3.1935763312848238,-8.08225186563418,1
0.6443455404666788,0.4351956277397202,-18.25731802810344,0
0.7423439947154935,0.6855379085315436,-17.989472669774226,0
0.808488537136826,0.7132541690279471,-17.90589876245201,0
0.6599877855028216,0.7478777668502258,-17.67085954115299,0
0.7425617945818228,0.3880623600877691,-18.209001198337184,0
0.6175931156076455,0.6382228827520497,-18.944032390718036,0
0.26161311048592706,2.6706583231841385,-9.848993285177036,1
0.7749104107693298,0.5851319221265066,-18.214629390714915,0
0.2819505952235952,2.2969310494614548,-10.271620125500487,1
0.6381733015288829,0.7170593391877778,-16.61911019890757,0
0.6908802757728298,0.4461795233402609,-19.646496522524426,0
0.6728013022118784,0.8750737093499961,-17.2594145418987,0
0.8562355643199605,0.6749251195453355,-17.01870700669211,0
0.6019572222228078,0.6779254221290139,-19.614997555036968,0
0.7107841138632163,0.35069589329841977,-17.304632617304744,0
0.17893966455634855,2.950955684357042,-8.55289334444941,1
0.6906071759724104,0.6759615512068706,-19.13957596545431,0
0.6913106676049325,0.8436286991583095,-18.283609947745248,0
0.6907143351903613,0.553310217854347,-17.776416077015735,0
0.7698452853065679,0.45185125056023373,-17.315450327880868,0
0.7487187557193947,0.49766415078385,-19.186127292537122,0
0.7335129289098229,0.5242532647489051,-16.611591962621265,0
0.45728085102837845,0.4321730222802939,-20.435217756078725,0
0.7239835899330531,0.7935240035648989,-16.411505341289402,0
0.5675488511863933,0.7991546794397499,-17.339679038652097,0
0.751705613050866,0.5706312448289917,-18.746125813371364,0
0.8179597894056412,0.5410860116873709,-16.962712988751505,0
0.6259008709929159,0.3276777130021032,-19.257358852322557,0
0.6790575422125834,0.7043941882955407,-17.86207673472735,0
0.6520515435957602,0.8480160163238764,-17.713794151429685,0
0.798834542060544,0.5044207924110665,-17.716638223249184,0
0.7076022308217658,0.5824823211335403,-19.007661068538415,0
0.8382663504453066,0.6651437191973596,-18.595292606829094,0
0.733100336235791,0.8586627540914858,-17.847906160619022,0
0.7193960144508655,0.6299664332752641,-18.872092491559894,0
0.7054565426082269,0.6293144874039778,-17.67425664686807,0
0.7654393679405869,0.6268977751739705,-18.736951161871893,0
0.5609851041403725,0.386245123964449,-16.799999968707308,0
0.7068275164416408,0.38298140192552027,-16.124778059314878,0
0.6943962845017627,0.4788007246327691,-18.35695700958871,0
0.7580335061726212,0.7519335861056059,-16.895689486835874,0
0.684983871530077,0.549696439418101,-18.25476544989192,0
0.6169012452669863,0.5205593926796561,-19.123717436089613,0
0.7005880539935759,0.5179238093784349,-18.510861288666195,0
0.6133727576905325,0.5793514682290983,-17.897316311092546,0
0.545979022993001,0.855316190115246,-20.144349197312486,0
0.7581697985188394,0.5773203921454317,-17.249211886265403,0
0.7463249258155736,0.4820553891937712,-17.896774981276362,0
0.7373672755194859,0.603786844362245,-16.799347251037016,0
0.8042342737556648,0.8632625408642305,-17.27023493547437,0
0.6467974487756859,0.5245762921596576,-17.856062019403335,0
0.5855108685782996,0.42284924873535823,-18.427001922419354,0
0.6943976178553564,0.5248513095404375,-16.172565933956417,0
0.43241028968557055,2.833710351035392,-8.065088850332932,1
0.6326163426583945,0.703236142623801,-18.406979286071774,0
0.6936120677209763,0.7510325368023368,-16.74924783155694,0
0.6510715883036332,0.4431424089056507,-18.848099590758363,0
0.5531195773314534,0.45737319983113955,-18.70522314442687,0
0.6647058647364992,0.5515106610918765,-18.4634939417982,0
0.6090899866636914,0.7026739537045343,-17.17838077487238,0
0.7185318457288737,0.41099881535216165,-19.28989595320687,0
0.6475172193407476,0.5089009634373454,-16.14004292759492,0
0.7889305179312841,0.5110884405882078,-16.874553291152363,0
0.8283092853814292,0.7412623283046555,-17.206181753485343,0
0.7543505098409524,0.6792391140996656,-18.352577599203226,0
0.5759179054413344,0.735557754157488,-17.00461489217191,0
0.8204156799103232,0.8008016961349581,-21.500835433563676,0
0.8260576360299011,0.5541524857366379,-17.470918363809,0
0.7015032409046352,0.4218890767719477,-17.807853518804706,0
0.8058340928268425,0.422855457322947,-20.263458678261472,0
0.6558659889562657,0.32428386524117403,-17.512496420721398,0
0.5507003252120328,0.531184975550071,-17.290929928948714,0
0.6391772449102725,0.5423666077752393,-20.224479293801014,0
0.8383440692835804,0.7181330110207571,-19.424125701182497,0
0.580713606111082,0.6025371325764906,-15.522733017778858,0
0.6999617025545195,0.526450733348609,-18.22362425532296,0
0.7027315114672169,0.5826001910759121,-16.829248728601936,0
0.658962060482575,0.4441539774427854,-16.64783769085239,0
0.6645182720130307,0.753810985612693,-17.527275823205677,0
0.7057799307388962,0.4821126655785737,-16.779310378572866,0
0.6550270126452218,0.42901030920961564,-20.53546602979766,0
0.5862353202265654,0.7226822950061205,-18.27663529401679,0
0.7172025554354764,0.6861246312545777,-21.696718472608712,0
0.7858693265955977,0.34144719321614825,-20.095312397480697,0
0.7695658014922736,0.7282502452065334,-18.655217396381936,0
0.635221162608815,0.4887611041358915,-18.79846132679542,0
0.5999017667697859,0.543884320865412,-17.950307653029025,0
0.6772649694276177,0.6280530161540906,-18.02478061392359,0
0.8254233207836531,0.6879937323925233,-17.839509084022524,0
0.7516478463167636,0.6668218762031289,-17.790348421643184,0
0.7563171741435386,0.5925272503640996,-17.600492730476436,0
0.7711885561428395,0.5363035006626133,-19.150853612894355,0
0.7336613250014868,0.6618331040348171,-18.86975078323656,0
0.7096486838090863,0.5822418243983658,-18.044253671153704,0
0.7529845517318374,0.8708031688688886,-18.025611540807507,0
0.6563067116625584,0.6879613514954852,-19.298312838355557,0
0.5868429590906943,0.4614876562514468,-16.70212874278434,0
0.7578397547699458,0.5283600072939523,-17.130239186939008,0
0.799019048459938,0.6072288265889744,-19.031660022435755,0
0.6105414448515174,0.7949146822605682,-18.250039215500024,0
0.765753718593272,0.8116657513668202,-15.588552419043461,0
0.8344612570710551,0.5405797919451654,-17.80730755459886,0
0.6998203038594303,0.45995486751158354,-17.52517685375992,0
0.6345598252206602,0.44077535381907185,-18.730722661357355,0
0.7098414938821404,0.637864313582367,-18.37573453023401,0
0.6559572825439438,0.9455676463826239,-16.186408817059917,0
0.6506615912034879,0.6808641156382653,-17.86404668724896,0
0.7346547253817234,0.3609131209973989,-18.085113862647457,0
0.5717016419976083,0.49109938451309976,-17.99083069687624,0
0.5844856862006218,0.506412869723263,-14.945540653901778,0
0.7015432704299154,0.4766996219827638,-17.95223099622254,0
0.6982153168870054,0.541815926259867,-18.99609203905632,0
0.7274843661631948,0.6554092291529913,-18.786421081938286,0
0.850018031078671,0.702297175398397,-17.063092797134274,0
0.7083611228860657,0.7637645236374966,-19.714177351976133,0
0.7478537720267835,0.6786303859570766,-17.459300422242926,0
0.6219573651508294,0.30687746395067383,-18.868581033179332,0
0.7614350130813229,0.44140431187030293,-20.230523467742408,0
0.6578887307911457,0.5762858944711213,-19.176086660296313,0
0.7057136666064874,0.6220919783651219,-17.966959428385607,0
0.691292109994467,0.7292127539814386,-16.32579912780862,0
0.7826379387931224,0.6064776264325159,-16.904004705664036,0
0.5952018756499999,0.6076060880795511,-18.352428271404904,0
0.5173409092307968,0.6356696044708589,-16.83337551621829,0
0.682925384232966,0.5617467391828197,-18.428135795086867,0
0.7374825005524099,0.6130327709816717,-19.75981390169507,0
0.7121815500645999,0.7688748268517626,-17.974694837240786,0
0.7985763389931129,0.5874133651823995,-19.807120794008142,0
0.7349898139343735,0.5954680909823574,-17.050310031017926,0
0.6548921334512111,0.5949621892849215,-17.032943893191746,0
0.5139663876688255,0.7946660720686753,-19.055963927436316,0
0.6810150212643825,0.4337920009755836,-17.825282991809207,0
0.7822367201806238,0.8663770342186793,-17.83674091897027,0
0.6686361773866308,0.42354272182267305,-16.95364394187931,0
0.7022656210942211,0.5018669608008361,-19.494081904780618,0
0.7337088203445367,0.711710740457298,-17.280614971718183,0
0.6187766100600147,0.7545475043210507,-19.580123101206613,0
0.7498588717311053,0.3894751474502268,-17.067373514792557,0
0.8309697432001364,0.4360947205129371,-16.724763118400226,0
0.6861749318485274,0.6416764214207772,-18.80350967236787,0
0.6096748462534158,0.9516629081645693,-16.537045360150152,0
0.6946719178382421,0.7869394171498021,-19.888839555622546,0
0.5220492713112904,0.5627854425552284,-16.680499865747343,0
0.7269522611181293,0.2371306292886366,-16.27385251420483,0
0.21776525653167042,2.4663684655123577,-9.173460658795104,1
0.8340509035076449,0.654344520546983,-18.234630937235234,0
0.68448041659467,0.5425957288375794,-17.62509621588009,0
0.7326788270517176,0.4723914014180106,-18.724510042477352,0
0.6310969518091278,0.6238747890482083,-14.850447985004708,0
0.6714858303579937,0.4586608209159059,-18.70383754852115,0
0.5779851650670241,0.8808672991213086,-16.419118596411217,0
0.6844168302973411,0.8275117196300725,-18.88947290090897,0
0.6755752677185147,0.6986868947389141,-16.08383006459562,0
0.7239359812871117,0.6134565853678975,-15.585205701893797,0
0.6501122495733889,0.500975387007966,-17.53681102677679,0
0.7066676280780073,0.5968819224163648,-17.65601127771942,0
0.6733295955513867,0.8458945702810914,-19.147894829741496,0
0.6734800489360389,0.7302981087654942,-19.290801131481942,0
0.7064289860770424,0.6305538417714689,-17.642502473801247,0
0.7032418353853608,0.7385961501251392,-16.250169027382654,0
0.7608939231241311,0.6818415995071242,-18.657842986978835,0
0.6903485572696132,0.6594416309830308,-15.350484938646977,0
0.6720091720701598,0.7470844888487302,-18.732175127555806,0
0.6855354043930219,0.6775541467237136,-17.724729671100036,0
0.6428268706527206,0.7287827205155067,-17.721580240315614,0
0.6712071125146662,0.6242080574451764,-18.12184125028262,0
0.8624926970458584,0.5618811265214845,-20.452593019591475,0
0.6269856991443306,0.5177755681589776,-18.742887720517075,0
0.6777074932896552,0.4999035591793562,-17.760432849236555,0
0.6690009069384247,0.3592244336337701,-18.115182115176257,0
0.680226271020448,0.4632090079782503,-17.23655680871666,0
0.6735008552897284,0.4588719705626728,-17.09179690560978,0
0.7223392080976799,0.5238982206023945,-18.288094153414693,0
0.5631859918886564,0.8343366315957437,-19.154916446778536,0
0.7829737178025603,0.5763657066669334,-16.142018753539904,0
0.7506066239713758,0.6362650334826465,-19.626554796618784,0
0.6005702731149491,0.640997946676789,-18.714368668118578,0
0.5184738181638078,0.8381371369263549,-19.01995190876856,0
0.6218342283086878,0.5136621819232062,-17.10425085383747,0
0.6805866830858301,0.5666216879612908,-16.41957363062329,0
0.906423351895262,0.5840700942338725,-18.208432050613133,0
0.7434605571979418,0.7704802283662152,-17.724267887598106,0
0.5553928280654834,0.8016158540631682,-17.48547381481302,0
0.6448275596079245,0.6711875729540917,-15.835195081693367,0
0.6957430050981613,0.784936406109282,-20.12828813065581,0
0.7202946843438477,0.6266491494703483,-17.106933721047685,0
0.5948200911751661,0.5741095128574766,-17.548170302472595,0
0.6892007817618351,0.7768086129878433,-18.445007430294986,0
0.6425888689911567,0.6731426512850697,-17.608527917135646,0
0.6116993149918146,0.4896704001138627,-17.1110052290041,0
0.7207676517359163,0.7496131407186526,-17.300204745020636,0
0.7619101738754257,0.568726105346958,-15.409799272900441,0
0.7672833021569295,0.5503764715913693,-17.847022094647578,0
0.7459509080907101,0.7339506552299568,-17.967713780051607,0
0.6602104373487789,0.586675178873263,-18.21755854280373,0
0.7571639809170804,0.6583437804060435,-17.336425395424936,0
0.724724355048343,0.6992909376106199,-18.038469913783135,0
0.710715350636161,0.48255853810914234,-17.984149025922278,0
0.6510645502638561,0.6577275847023303,-17.978604167992494,0
0.6602499098126777,0.8024209657892436,-18.16153028338811,0
0.7059109548899642,0.4565299284390585,-18.730407362582888,0
0.8951899573588401,0.6674863333246841,-17.498272154163708,0
0.7240993984073112,0.4755798398129568,-18.34205707801994,0
0.6511049198199771,0.7532096525760597,-17.263584596615466,0
0.6334088444024445,0.7517858375624656,-17.867078845286404,0
0.6606586709875037,0.5468516489626352,-18.463889851594857,0
0.8741834758039252,0.9314442978286294,-16.122203513957924,0
0.668059468324323,0.7659937963705926,-18.122775102656373,0
0.7725496427688228,0.7060393477704253,-17.252612382525832,0
0.6699257403622915,0.6975916344159203,-18.839979487190522,0
0.7208947633023702,0.7475890363809335,-20.430647197357416,0
0.7633396219206977,0.45065363891337595,-18.680399001212457,0
0.654247772015206,0.6291911397691536,-20.56493844767975,0
0.6487110676677784,0.6574785578065991,-18.2842354401831,0
0.8327095755564263,0.539979590504616,-16.237623582553134,0
0.7787674315916637,0.6697192904165948,-19.08634202649198,0
0.7632537854952582,0.7847541450651009,-20.527252629113026,0
0.7629821034498331,0.536734636835114,-16.199691610784967,0
0.7367660390648851,0.5918363549443041,-18.570425715989103,0
0.8614220650540052,0.4769122056219083,-18.018886058602426,0
0.7035126641501726,0.33195164852838116,-17.054064037042707,0
0.7461809893760735,0.7168398270780766,-17.372192682013022,0
0.5839269657124789,0.5961399307741129,-17.099385096465756,0
0.6340031450727007,0.6071369125729181,-16.919485212545492,0
0.6039344800131967,0.45198395727397095,-20.095337559107346,0
0.8019250866812919,0.5721744706445714,-19.697217288168023,0
0.49579678783833997,0.7644890683773184,-16.59459640484539,0
0.6678151981797822,0.600123200516919,-18.938086971710025,0
0.4605034717871501,0.6043775637083119,-18.80717501395627,0
0.6334969683614488,0.6311292416795133,-19.51541102659718,0
0.6607240840214507,0.41454268073903155,-18.485937467216978,0
0.8107896875035234,0.6937380696153536,-18.419179276421364,0
0.7317302351377165,0.4117202827626254,-19.124952825222188,0
0.6333486781336827,0.459057662808146,-19.263699293850895,0
0.785277097578546,0.4426177846489253,-17.617604289389153,0
0.7014265803623806,0.5737162550054181,-18.969203120266116,0
0.7030053486965802,0.5471320944693213,-18.727574708373915,0
0.6037862793782406,0.5998162442537618,-20.623534016128897,0
0.6207989028877487,0.46421157603353347,-15.67415970896277,0
0.633992216004358,0.7508242980459567,-16.86981116463036,0
0.7037169018523352,0.7251041353089496,-18.59376726399233,0
0.706230858158454,0.5739279730662419,-19.078897122789265,0
0.8235274130819236,0.5282449925118093,-17.98693344332025,0
0.7308044134350267,0.5130963759982201,-18.019840307517185,0
0.4833947445062313,0.5534782507483981,-19.531159883417576,0
0.7210113590297352,0.3899632156873235,-21.060643474706833,0
0.5839986915065973,0.4560589031682239,-18.631291089020003,0
0.622722326031077,0.729018058797745,-19.876049437079416,0
0.6350264422618935,0.6452718729113803,-17.79434406393175,0
0.6469329341190158,0.8451411728964796,-17.78630212000719,0
0.5899880486367757,0.5551207274746017,-19.16785523801029,0
0.716278560276183,0.5457730159339699,-18.641501121186543,0
0.5871358171927232,0.5388151613184528,-15.8843499696263,0
0.7285334085799877,0.5521253275172747,-17.069845768474845,0
0.1548397087117113,2.893405232613032,-11.616313693359887,1
0.5936512752852748,0.64064823220308,-15.249648807676826,0
0.6772391756528622,0.6043656100722616,-19.436324894365974,0
0.49812341099900237,0.5235128247242591,-18.975233669779865,0
0.6759251765623893,0.7876723369528353,-18.132617004849514,0
0.7514173722105186,0.884487438372946,-19.83720847845158,0
0.7576511385085813,0.77498658083601,-15.851629002446584,0
0.7061890984227277,0.6837186019625092,-17.780217553548862,0
0.7711410739807181,0.7142654589395661,-18.947938628279754,0
0.9036843628754233,0.8784623276739503,-17.462655658314286,0
0.8369843749950079,0.7140478973639135,-17.82473298204253,0
0.658198325647229,0.5122221221101073,-18.365581300951018,0
0.5839116810826609,0.6588408789975823,-19.450218200185777,0
0.6675078866740957,0.6939366399094976,-19.723454310634928,0
0.6242413787506121,0.45079240889461203,-15.375838803068127,0
0.7361078038291706,0.5572603772035233,-19.623281862131996,0
0.6055045168456401,0.7650587736083199,-15.962441376778349,0
0.6941742053927726,0.32647608974256204,-19.013710977139148,0
0.7670411243629048,0.4124357182439109,-17.051960918951615,0
0.6919443301746258,0.5735389419557508,-17.441480291903066,0
0.6242948941801763,0.6530519393258557,-17.2014975596443,0
0.7939851246068553,0.3963551332576639,-17.121582873311773,0
0.5496815244196938,0.5809816122501088,-19.933878746805014,0
0.673776395529803,0.773065280863285,-18.81161519096901,0
0.6966671981294932,0.6102977185611426,-19.641657551061257,0
0.7012726926719705,0.7408633415446695,-17.772838726982883,0
0.7144396844862464,0.5111828817997495,-19.58801319854907,0
0.7488351855847594,0.47851247148162274,-20.377256612487866,0
0.6971674048763719,0.727331074542757,-18.28497280385229,0
0.6705553374285055,0.6553898301984284,-20.650894862984934,0
0.6673928524272243,0.4221605988338311,-17.689514166334853,0
0.6510787358369315,0.4798738625755816,-19.50915542805329,0
0.7630034659461492,0.8346871861586121,-19.00869569769627,0
0.6482777216418788,0.46131671707960253,-20.73649916778924,0
0.7677416887206595,0.7401493120088996,-16.019877343429744,0
0.7015199265807897,0.5282719954149451,-19.755497864373694,0
0.6582996154515096,0.5995236214849303,-18.436801481457472,0
0.7494725772595308,0.6441888931415058,-20.150086310953494,0
0.6418036860221505,0.2848528184250602,-19.002801370056925,0
0.751054723258257,0.3805923996859051,-15.897813862770947,0
0.7170180896953428,0.6129499528180744,-17.643027917681582,0
0.6522940248726463,0.49135386543241794,-18.868357195572695,0
0.7422907852267647,0.7494871942911934,-18.041008175586555,0
0.743727178055091,0.3590818678697813,-18.672670868023935,0
0.7926015684647966,0.6847882584386981,-18.110904695793103,0
0.7772917609927437,0.393566816939351,-17.107357537160446,0
0.7393019216581026,0.5471842508783357,-18.39731758788845,0
0.6097927239032989,0.44034333536430537,-17.736010231289875,0
0.8958869590539245,0.8853644820706796,-17.716205402822094,0
0.5877107031142551,0.3990761755544946,-18.391374776757292,0
0.7759410539425847,0.5816910456946465,-18.883111187604065,0
0.7345027053509038,0.3409745777969772,-18.630220027925354,0
0.6060686102015108,0.8399355183105884,-17.160977698157907,0
0.69005592488972,0.6601923624265807,-17.06109995402946,0
0.6936997691004287,0.6205459634398002,-19.365353197522165,0
0.8044466172648419,0.8211469408937588,-18.31318720126561,0
0.642935127977583,0.6221133662133919,-18.903506242922802,0
0.6790443994860517,0.6329357034211615,-17.04005708434063,0
0.513114431598299,0.6197587932097727,-18.565443647735883,0
0.8387810234498861,0.6845451488164679,-15.358891418914359,0
0.6143625405583942,0.5261337924118106,-17.738523132123536,0
0.7261528691391339,0.5678569038955001,-16.581604254932135,0
0.6918873736222508,0.7215501942686169,-19.21753299216404,0
0.6921599226573327,0.6416059427336822,-17.985933421096963,0
0.7647889587896699,0.5828634128846811,-17.26059228195573,0
0.8337009968242908,0.38992164134539314,-19.23996029018616,0
0.7201194935953593,0.8247075426804893,-17.975588745827306,0
0.752406241410442,0.5007818835073844,-16.737769161359356,0
0.7263113229381633,0.7480855857628885,-18.392940009508184,0
0.78140251391445,0.6263630477532128,-19.02210300548715,0
0.6629666896410937,0.40598242159051945,-15.836448653432978,0
0.7860312443533131,0.7878413216295922,-19.40609436197556,0
0.7888399892517907,0.6381810969599309,-17.812931245942096,0
0.7866029606946328,0.8003018035105564,-18.84993160600417,0
0.6471881706130819,0.5726386948896122,-19.124201086629064,0
0.6865329892610247,0.7056076844950582,-17.110011500756087,0
0.7191573591024347,0.33562093329824794,-18.246643093995047,0
0.5903326364136795,0.5249676204609364,-17.512936241496362,0
0.8275936166468811,0.40905100016530926,-20.706174865350235,0
0.6990178773198259,0.5437824224942412,-17.39625626164553,0
0.7227142310083777,0.6707717609259217,-18.8647150941796,0
0.6538396448218238,0.5093129868518781,-20.254622341389922,0
0.5938497952506381,0.7295763140458172,-15.738312534255389,0
0.6516776091620182,0.4715081034674983,-17.27878376820645,0
0.717536335010687,0.7327854920474968,-17.72726710478448,0
0.7538743050202954,0.7964635748811054,-16.50069738031216,0
0.7129433232482175,0.7520289202636479,-17.70291686233376,0
0.727737921299356,0.548371642225534,-18.958336812172327,0
0.6730378900254899,0.28118196030837855,-18.20996113257885,0
0.7396998852996342,0.6873250495106021,-18.814039455830464,0
0.8186266293108725,0.5812147927927044,-18.60042347138965,0
0.7563831553951189,0.45324105898089695,-19.50924439903109,0
0.7647633510602352,0.5165581402694385,-19.16402469096038,0
0.7235213119445304,0.8151637974667202,-16.92649736079759,0
0.5797475944320318,0.4293989699084768,-17.601509473436103,0
0.6164266775495005,0.6702463763431817,-18.60361566303781,0
0.7363900640531074,0.6326937263456105,-19.233638237355763,0
0.699124875843193,0.5463918503005152,-18.48647637456952,0
0.7351874309178262,0.696679903096957,-20.020619763560482,0
0.8341138734275259,0.8448367888348298,-17.848043280690778,0
0.7580828799383467,0.5556042744170703,-16.865434221608922,0
0.8007108964594257,0.5635228577884348,-15.159632807929173,0
0.7075745111576583,0.6933097357485299,-19.323910467076942,0
0.6354227458012448,0.7377364232152501,-16.91543706485927,0
0.6953707072628527,0.5808439189277047,-18.848653734837452,0
0.635619854902469,0.5541939395859528,-19.354147548061214,0
0.8246635965417958,0.2673530218920359,-19.354677754627172,0
0.7632312861228375,0.48329866314501696,-17.83111712828764,0
0.7416409997302623,0.4291032491898674,-19.116952348431923,0
0.7988754561782483,0.7026937494467836,-18.72821492555218,0
0.538395486838142,0.5634145577098737,-18.528481596884713,0
0.7470510361074127,0.5575467591691607,-18.88796140787869,0
0.5951483372556501,0.5986415604565528,-18.975101463238975,0
0.6994195441227471,0.46947352948119003,-20.914991715022172,0
0.6750633926026228,0.8329870780033131,-17.895656051865757,0
0.7529389289677558,0.7947290867544916,-17.918794212529857,0
0.7182549831168764,0.8427160174571531,-18.956813819682615,0
0.807609373888943,0.7025125846858337,-17.567538875533955,0
0.6518482271253909,0.5955782827467094,-16.323710961521176,0
0.7567291511706626,0.8422093954510327,-17.97170420059886,0
0.7129778573519066,0.49785497461305306,-16.403690665012526,0
0.5691767783942757,0.4693186531450481,-15.314241695487457,0
0.6265106833181573,0.5097732727845211,-14.963370373055671,0
0.6880097573182264,0.6784306900371447,-19.425883303812,0
0.7889833959913382,0.48568422099184905,-19.419675607702406,0
0.7370978446045691,0.5766940517673002,-18.533315996070854,0
0.6065999340895428,0.35972170591728353,-17.845541758488192,0
0.6887747017562271,0.6721646498142366,-16.096017600187704,0
0.8614245159034424,0.3724344949225336,-17.247310534690854,0
0.7088978667872686,0.46017584177019566,-19.443944555607,0
0.6738139539942083,0.7825750702344966,-18.733988890169194,0
0.7393391712604976,0.7770477475479165,-18.050400249558617,0
0.7610714463665575,0.6561469634319747,-19.786991973774594,0
0.6635065322015953,0.6413495372602845,-17.983597850950904,0
0.7402059819497149,0.520356052926861,-19.426122709271095,0
0.6736888402663352,0.4840644504386698,-19.980865360268847,0
0.757546208146355,0.5456637453363931,-19.136382335363535,0
0.7135754526377026,0.3729518738306523,-17.5067747341292,0
0.7385574261642314,0.6378672832430495,-17.515061146816176,0
0.6392653163065996,0.6073246687212615,-17.884015299975072,0
0.6342970892741712,0.45998680999346,-16.810063607350948,0
0.7756397843727515,0.8353022878262036,-16.937300118943877,0
0.6936482894891605,0.6910370565430572,-17.754742389515666,0
0.7228027793679489,0.7037762706013284,-17.920341779969153,0
0.6754883658330784,0.5268990110941252,-17.844543953735883,0
0.7718981419210915,0.5998004882960515,-18.1771742159245,0
0.6513752015976273,0.6941059005281133,-20.60921127195321,0
0.6891519008079293,0.6229173550650353,-16.637418186216216,0
0.7628794250162505,0.8402851177154806,-17.522972601727588,0
0.7938374159331413,0.5694318645874873,-19.45959293499247,0
0.6580992567178653,0.5243159201645834,-16.286620056873076,0
0.8567747185564706,0.6951379314707139,-18.707975841855326,0
0.7250593354954893,0.41030290915702317,-18.129322803190348,0
0.616565739055301,0.7386445398462168,-16.771709285318096,0
0.7295241638871974,0.4048932299112026,-17.735832769932493,0
0.6693600628413233,0.6957876999087825,-16.397548989700923,0
0.7347254789746541,0.5027589668741006,-18.42252179885135,0
0.696571500187173,0.671487622047509,-15.970592146463597,0
0.7059418952152116,0.7361014419091526,-18.933363479799027,0
0.6270725298731082,0.6230131793255878,-16.41885320482846,0
0.7792048984573088,0.42005685725389796,-20.718131062679277,0
0.6075098106279174,0.4654837133239272,-19.32023046160098,0
0.6112988083676003,0.49070112884493267,-17.642440633812818,0
0.7293888279317989,0.3157489659603339,-18.48053451137173,0
0.8282275397742376,0.7691216788097893,-18.089698343883075,0
0.6717925522348474,0.6165161378634493,-17.950018895807148,0
0.7560777858163172,0.4296722932216508,-19.429083129752467,0
0.7858672141490836,0.8183512286187535,-19.339115537847082,0
0.7651747549835255,0.4948007849792755,-17.721453541429895,0
0.6751033368661055,0.6375858733612307,-18.799599542186137,0
0.612716262624474,0.4762094182205697,-16.3907593692466,0
0.5233961947462915,0.2972609770006458,-18.230336586519343,0
0.6789727600430085,0.39533391617231084,-17.137498508271804,0
0.794246989484974,0.5327264353700353,-17.46857799683147,0
0.6100667212190453,0.7347445306809072,-18.721393268607223,0
0.7560167878015012,0.6519799720228867,-20.376394544342848,0
0.6239877975958502,0.6210307689256868,-16.578070358854742,0
0.708485806110947,0.2984958565882677,-19.174690892036573,0
0.7566233291324014,0.7905129221520142,-18.484509666574493,0
0.6472403650529257,0.6335519544743333,-18.18101092987989,0
0.7136387744557531,0.582087349516176,-18.061213881724417,0
0.6667926930619736,0.7698634664983343,-16.845649604953177,0
0.756411892715054,0.787124508535241,-17.993011130492068,0
0.718825373478771,0.7731885371413787,-18.152824908311196,0
0.7045206139543414,0.5629370254945069,-16.777852852145983,0
0.8246679968113582,0.44947851588237064,-17.279217153735857,0
0.7529844913894641,0.7483384375713109,-18.882684535176786,0
0.6447718507098968,0.3952418335394374,-19.3765864529746,0
0.693130887936179,0.8920885107996424,-18.988439730239904,0
0.6939280971936271,0.6041999317791844,-18.059063700225856,0
0.7064255658100169,0.44086736164506235,-19.495264530204505,0
0.9019607421285996,0.41521971687650844,-17.89109634340504,0
0.7296681514168797,0.4083592763915911,-18.15503797174841,0
0.5371277943916178,0.6210544360081265,-21.051022838772674,0
0.6565760822626427,0.5990411519910319,-19.687410223520754,0
0.5454102330003352,0.41461167397362103,-21.462900292420983,0
0.6736161394363328,0.5465316320166147,-18.41268367325317,0
0.5410151816218857,0.3948096920862986,-16.7111836255848,0
0.6302727623145257,0.6883952708916259,-20.268789546513606,0
0.5783422776292704,0.5918110100830929,-19.58674418375204,0
0.7307328142373981,0.5432396241123828,-18.196485440727816,0
0.7000431490103103,0.4067833904898709,-19.276503634624113,0
0.7242369845998985,0.5549766599665852,-19.28240732048015,0
0.6916358889145179,0.5377908177980509,-17.35008707259221,0
0.5884561799836465,0.6476590051814395,-18.593874533487504,0
0.7410817095403788,0.625052696717544,-19.784069864877576,0
0.8537779648215562,0.7188090153119013,-20.505259068068522,0
0.7327370062885237,0.5273135184742406,-15.349910675923523,0
0.6659260320545947,0.3209382746705258,-16.646029134524795,0
0.5857546259115644,0.748663931489706,-18.54196001527442,0
0.6273546423392027,0.4595951230427729,-17.894570386003274,0
0.7362431725257647,0.43396244204771167,-18.586237274516385,0
0.7858494421439499,0.5935325182329372,-17.3874519230505,0
0.720869293977758,0.6453405769431775,-19.025057241261457,0
0.7639909831764786,0.5203745391427976,-18.651807859772187,0
0.7566142595221794,0.5191960977797809,-17.453518991766604,0
0.7405227513108734,0.5413460523351667,-16.255369074664312,0
0.6473221123790995,0.8124810526489714,-17.110301886405473,0
0.7139138809580121,0.5995982868662801,-16.519303346890887,0
0.6321297756894289,0.4548055740807305,-18.374900805013414,0
0.701394316236648,0.45633249646455487,-18.747612488852333,0
0.7264690824853529,0.5623673730626446,-20.326057366898308,0
0.8343027045909484,0.6356786901042011,-17.913361971190458,0
0.5952214420505894,0.6725970242949285,-17.54514356237227,0
0.7385206104793044,0.6186237905770823,-18.360006474872648,0
0.8184989273298875,0.47371899736243667,-18.93204159131968,0
0.7607078212671037,0.5364088050658826,-16.507915872188242,0
0.7666356354260033,0.7100861822796936,-17.241834867364016,0
0.7470155921494249,0.42808620593203567,-16.424609459377187,0
0.8038667591820333,0.5301369910383806,-19.144294914019444,0
0.6130017465510105,0.6896194286822028,-18.849880951857628,0
0.5891258667223802,0.7312922139952764,-16.556187308098085,0
0.6994932687627795,0.5710626943362925,-18.05681649570695,0
0.5271070317142632,0.5383189784143776,-18.682924934014267,0
0.7984516643342409,0.40168230878343897,-18.59941802851541,0
0.7976572156396353,0.6788459884090641,-18.013296631361165,0
0.6653319555932379,0.7978169527720184,-16.796457820997507,0
0.6703383522671592,0.9847731087899536,-18.192615422509906,0
0.6942122019879462,0.6579669275277069,-17.051360603786666,0
0.7041616520351696,0.5923680522534028,-17.43914666778474,0
0.7101739135355428,0.4620284080273639,-19.054006848217167,0
0.7446585685502642,0.31817146293852755,-19.054955241584548,0
0.6861898917593217,0.626543887460975,-18.540319910317773,0
0.7754554642782234,0.9525508680231454,-19.604205185594722,0
0.7356758221700243,0.790621834448537,-18.61696662695927,0
0.6514429243301891,0.7674846403670696,-16.18387989992234,0
0.8068090134243278,0.6368404225586873,-18.037668402992843,0
0.591339441110201,0.6539284740420483,-18.919743199304943,0
0.6926267351342819,0.23643790225830336,-15.701106417815428,0
0.7773533920860374,0.7143765871145995,-19.116740783671446,0
0.6421541516070284,0.5130989145636277,-19.154259560166466,0
0.724764451741372,0.49474089801061694,-16.52461718183196,0
0.7434671677599238,0.5515114570427089,-17.206418328479618,0
0.6311580905615009,0.5464493265823478,-18.156070623031663,0
0.6942017824324771,0.49235466120425064,-17.001709320013006,0
0.6874796935832631,0.6020808108263964,-17.639279998524998,0
0.6558609718534165,0.516258360568792,-19.42343089888659,0
0.884133988164062,0.6150484433634219,-20.877101648417167,0
0.6389514917243619,0.37692332781749505,-18.68081418204875,0
0.7803944235254306,0.5678913344051973,-16.698090196922063,0
0.6685759186495086,0.43555566154706227,-18.51416410601594,0
0.6130691048891774,0.50378260222532,-17.447883361980907,0
0.7082251394524055,0.6215098264550296,-17.77861746186592,0
0.751927470751,0.3594003577867563,-20.032200353537277,0
0.2856816657972969,3.7545012003561826,-9.787676854234082,1
0.8249812088524056,0.6853446577254501,-17.569344803464105,0
0.9356197031948079,0.3880233237201298,-18.94457550660524,0
0.7200411363004477,0.8666800710418211,-18.43504578843354,0
0.646952626093969,0.7806611934195969,-17.529903489483466,0
0.7362299461435913,0.5258209373321581,-17.912844001028425,0
0.6787029639674806,0.48191854683224045,-16.74370831089034,0
0.7740772903881783,0.6302909855003223,-17.539594904203824,0
0.5962268562907422,0.38288066144592603,-19.14701999808242,0
0.889466763392035,0.2996785912751351,-18.573056056715444,0
0.768483847582041,0.531099731392115,-17.975644458928468,0
0.5652796785763068,0.5798926850246713,-16.39390190818315,0
0.6432776878148022,0.6141640836530295,-18.568230756338767,0
0.7652864835291151,0.5077889075823173,-20.079082562877634,0
0.7941075244937164,0.7910920094212421,-17.471319715810573,0
0.5982209898214429,0.3757290512274175,-18.906717898012797,0
0.7570420680346359,0.4292606797562851,-19.542361583489964,0
0.544212810187046,0.6729953934217217,-17.977436384608993,0
0.6928531307623162,0.4257528921544288,-16.832558829830035,0
0.7889637473682565,0.4199519321704025,-18.688656647593223,0
0.6558787415917615,0.6185032188310745,-17.404111335380843,0
0.5794462160689589,0.4419716069525953,-17.18170360434908,0
0.7116971837102047,0.5800373358118969,-17.049844207600046,0
0.6516224906691617,0.4950215160513365,-18.878726771542322,0
0.7503646692852668,0.47075044449408904,-19.345298469520063,0
0.6291738854225551,0.2846541912982589,-19.181703725950314,0
0.638189048827752,0.6209344729232006,-17.050830393453037,0
0.5383198143299005,0.4129215011830607,-17.199128214395024,0
0.7135955768841186,0.574763669470422,-19.148580720840403,0
0.6871276049378721,0.5231842652477152,-15.440827168387637,0
0.6049292263407943,0.5690237911950174,-19.2916367599046,0
0.7155038971013673,0.5775486938980109,-16.800643098359128,0
0.7821656240515311,0.6290442376377394,-16.176401472953746,0
0.682754564526484,0.4908361047762836,-17.86829087280796,0
0.7214533559857579,0.7864044718910053,-18.923668612296996,0
0.7218648999668131,0.3228899908716635,-18.897453632938017,0
0.6036536138256832,0.5660113322209156,-18.314508240435448,0
0.8645268656566076,0.72543464646163,-16.70295506631836,0
0.6623320135902172,0.6715158829503906,-19.439850975239818,0
0.7524892961488217,0.45377466352071044,-20.206519238895332,0
0.7615372221783239,0.4787631760517964,-17.565534011316835,0
0.6888323898307398,0.44898111610100944,-17.302064698489104,0
0.7485436020047708,0.6898841445996584,-15.638436663840878,0
0.7196655377453111,0.4890114407226737,-19.658782770320077,0
0.5865888194218075,0.6382684632185175,-18.161767934354685,0
0.6734181838999929,0.6396452121113932,-16.605795081455426,0
0.650995927811675,0.9552590202353057,-17.854965398876722,0
0.6630603966923098,0.6469876889702555,-18.234527026873828,0
0.5956797457730689,0.47832839778743047,-17.05211340368455,0
0.7901146973396824,0.3809774606900401,-18.71926675704792,0
0.828159412369073,0.5586220928043382,-16.97830698965502,0
0.7782402380798726,0.5821371236359022,-19.50427583062833,0
0.8016423379317714,0.2683950708914166,-19.823318043939476,0
0.6724292130393474,0.492921875956048,-18.328305622694796,0
0.6490994532011171,0.6446028814241329,-21.07594774427588,0
0.637713036255063,0.5201466494600737,-17.898360435944515,0
0.7515251938365778,0.7452935678558755,-20.079073611245654,0
0.7181650442515319,0.36624653329192197,-17.661095375320347,0
0.6938222630721259,0.7015324230229825,-17.777448674259666,0
0.8036118835356274,0.7370834612288929,-18.08155486339778,0
0.7323953083052274,0.7434744713762305,-17.47630959895429,0
0.6329073889983532,0.3651215423018432,-17.754963037663096,0
0.6455272936691444,0.6471829193786076,-18.351600723997525,0
0.7545594639403316,0.49968688222177277,-15.802791623427442,0
0.7833386282123678,0.3890786337025648,-17.52802716773707,0
0.7441344185804775,0.5379198412539438,-17.073710295226945,0
0.8517510998297665,0.4642533012148786,-16.712304307232888,0
0.8308005732585135,0.7381125702245804,-17.19822074514949,0
0.735282866788061,0.6769595014520353,-15.524600497290233,0
0.6329135472414797,0.4271333297836698,-17.800791738214564,0
0.5952009990614585,0.4913668029253606,-18.008353615003273,0
0.6690094603988228,0.5428953861575064,-18.779486505367938,0
0.7602570757132925,0.5891392279023154,-18.30752872387198,0
0.846131766344955,0.7509567412205671,-18.877469482861393,0
0.733395762752864,0.7036173489720949,-17.18734570439815,0
0.7934978235384988,0.607708795346226,-19.094779496782365,0
0.6803754011049757,0.5609026725157616,-17.911449396122247,0
0.749821530018204,0.3339968948088792,-17.32854367883715,0
0.7658685463581738,0.7937996439189084,-17.819611336085735,0
0.5416324579317977,0.5329355103201514,-19.075097850683914,0
0.6669248958098791,0.8332260360639385,-17.16126610319282,0
0.7759760307422295,0.6294163938197753,-18.102407650243137,0
0.7219574668509251,0.9037926312932167,-21.44725465973574,0
0.6042787961479253,0.6909482300049474,-19.180022028700066,0
0.5055902099418115,0.38519705531686815,-16.31864131631672,0
0.6707375403758394,0.5078376779608181,-16.21881379018238,0
0.6942731445684897,0.5746297558992053,-17.368666547921762,0
0.6292861640137323,0.4689325669337514,-17.059117227650002,0
0.7114467949622395,0.5434408774226933,-18.933952777509436,0
0.7405109397786316,0.3949591262126836,-18.31217330248687,0
0.7536549736580986,0.6008581921648684,-16.517560079448437,0
0.5115264860054142,0.6356117923516409,-17.48890170892551,0
0.5948571921753504,0.44938358891908214,-17.92206193933554,0
0.6756301881316211,0.8910381440222868,-18.224170251471623,0
0.17621953841535,1.7203859912701158,-11.325570370777482,1
0.7391387210840028,0.47748887008156315,-16.653561415739823,0
0.737749595830134,0.35556910500521743,-17.220393899077486,0
0.6693265646424854,0.6089914334095753,-17.920469920700928,0
0.6737893250152031,0.560926720077997,-18.428107782920147,0
0.6417336585262607,0.7174561360929664,-17.168383536378343,0
0.7614555302484678,0.5784944602542048,-19.322291813969375,0
0.3048697135656335,2.6159363892018215,-11.094123035418136,1
0.7680029116151655,0.8506077444266371,-19.741309632941928,0
0.7166282590510117,0.6653437319260779,-16.517724266408248,0
0.6963964417235877,0.5618836932602462,-18.864799948955213,0
0.6474631680178826,0.6246957797174607,-17.51519065589805,0
0.4919455680797839,2.761346680253687,-12.115239536954746,1
0.6481877794897563,0.3856715079159847,-14.522953211853679,0
0.673599450510009,0.6236541329944215,-17.469713455156995,0
0.5104780550734999,0.5324814790059162,-20.234568911094414,0
0.6842115875732269,0.6760949978444627,-16.5894770920841,0
0.7739485894420804,0.48897271130905823,-18.464581156326823,0
0.7453774324347098,0.5092947217354375,-18.241113362338865,0
0.6603035299406793,0.8494306647846086,-18.807014715612052,0
0.7037549038732182,0.7846368136323204,-17.765264977633844,0
0.65550683444624,0.10566582300490374,-17.780984234790214,0
0.7119008586668556,0.7735142973696467,-18.774572613178353,0
0.8232086258995225,0.5889521960613364,-18.609773424583715,0
0.77747990420999,0.4937726905651482,-17.87845664029402,0
0.7416635444554202,0.4489237896438525,-20.811277783812073,0
0.6605692070093026,0.45763235575800176,-19.729796964604443,0
0.7599950714355871,0.4980096082862377,-15.996009484682379,0
0.5650498438901557,0.43093011244772345,-17.60661486681571,0
0.6798117214407288,0.39681005083910365,-18.629890784088936,0
0.746696913585916,0.44394297737341337,-20.035299397844202,0
0.75923369712382,0.648509078259853,-18.067579397935773,0
0.7535907592172593,0.6075135222856195,-16.817769489862673,0
0.7235864551367756,0.6833784677327784,-14.83295267442007,0
0.6843420016732893,0.5900445241184918,-15.729532290005164,0
0.7430380775861191,0.4039981004032812,-19.064325624154243,0
0.15908025410227566,3.314374902473809,-11.478883010752863,1
0.6324258189365399,0.4492966081687627,-19.765799076284008,0
0.7049387741168237,0.6969921452983401,-19.009986079948742,0
0.7138558114166997,0.42511199955645584,-18.2554117957497,0
0.5539507857148283,0.49687850603947115,-18.440564395951373,0
0.7364117104759614,0.5457912539148128,-15.534519232104682,0
0.7618182702335514,0.7011607201585422,-19.57842833097146,0
0.6938171810026963,0.6263995878191092,-18.054113339025477,0
0.8899573026627193,0.6030001983226386,-20.47615171475597,0
0.6453651914947851,0.8828503177582958,-17.60293106341472,0
0.6711130269290504,0.3244525258162282,-19.61004640881114,0
0.6683946475098232,0.4442433535949173,-16.676848429940648,0
0.38141294964506656,2.4838269138610047,-11.37800456183805,1
0.31839170388770266,2.9664875448024794,-10.601997205596081,1
0.5874551564316102,0.4920720730670959,-20.52324210426955,0
0.656276136301082,0.7031653745695059,-19.174364986331607,0
0.6921903443380739,0.5112528902226372,-17.712742931108593,0
0.7982857665649598,0.5500495542020536,-17.494183623412244,0
0.8761794618698331,0.3416167758179577,-18.598125577407927,0
0.8068379118280523,0.4805211637259479,-16.889043547880437,0
0.6379696776261914,0.5307451926618624,-19.362891471474086,0
0.6443352311499068,0.6963600633820671,-21.512471811010283,0
0.6872537137992519,0.34876254031226683,-17.660935619109,0
0.8427647111082869,0.5317486881418293,-16.45188502477994,0
0.6867660758254485,0.7630227045103335,-16.44079959161071,0
0.5937994007570055,0.5332375071565104,-19.5597710887384,0
0.6599058290437572,0.28266578788219815,-18.65363182478587,0
0.7605644801455533,0.7918763666022287,-17.13141598111139,0
0.7551952221516869,0.7102345413807499,-18.752527329550524,0
0.6839826666806674,0.7304095762618186,-17.873538167269807,0
0.7546731738848024,0.3384324529881909,-18.85972787497234,0
0.5181462237962534,0.8268683588770821,-19.30726650895365,0
0.7083063388026157,0.4840085872333203,-19.075648381688108,0
0.7688548337094904,0.5235841583669654,-16.853129768458523,0
0.6333709379876371,0.49458342510119946,-17.983460682442953,0
0.6330929170802969,0.742040577293281,-16.473742033913332,0
0.5506841477789219,0.5730302471242057,-17.375495166054698,0
0.8271916475848555,0.6722611548881439,-16.07224172222287,0
0.6423876818382747,0.6113851534326552,-17.018318168449518,0
0.7192834622289689,0.5857436994460619,-17.088791003703953,0
0.7483133633186699,0.45798239043807054,-18.144585478362817,0
0.8209654359313162,0.8718210880961648,-14.38895210820402,0
0.6876881780811491,0.38049095572421565,-17.864762136126558,0
0.6568456164977264,0.6618380961052026,-20.368108042951057,0
0.7138454118856442,0.6564984888160919,-17.67835975246324,0
0.802726422123383,0.7731534429228638,-19.178750691884915,0
0.6863861974879373,0.8082135048568917,-16.77957417407806,0
0.6236104734732738,0.5793917100874836,-17.129019890182875,0
0.5767393753347709,0.6795591458887129,-18.229816379919182,0
0.6022962092315819,0.8647310565678763,-19.06547161613179,0
0.7691513197925332,0.5902234849616621,-17.824289127935035,0
0.674350041895455,0.4400349787402235,-18.769480569428467,0
0.6513983272063432,0.5423297830950868,-17.054635208659395,0
0.6427226221452845,0.4043031002078299,-17.332781142890344,0
0.7068036688160145,0.6557725216492084,-14.476840089007878,0
0.6808435924987533,0.7596684312210953,-18.53413744638111,0
0.6781494285024597,0.5818437761898693,-18.364110754181574,0
0.8079459142248591,0.3568559925819539,-18.185730808724127,0
0.8230413025489306,0.7532476252586515,-18.1331826411253,0
0.5711982661672802,0.33355515576513317,-16.767505274446226,0
0.7262074184914366,0.3681067833115438,-18.33161477407456,0
0.6378510321102886,0.5732492418757922,-15.633141940627805,0
0.6801399108911125,0.6377677868513248,-17.301269868329157,0
0.7247422708101355,0.6633371248137531,-18.582883257585628,0
0.6829824066455265,0.5900790671930289,-18.889494821976804,0
0.7184367904502106,0.8640065647702286,-16.75095336790985,0
0.7538376164825533,0.6097752511624802,-17.965775817735828,0
0.7235661440432255,0.7552002152629403,-17.989127935491894,0
0.6482530956665901,0.7180431846142047,-18.71817627170894,0
0.6496640314423741,0.40606894016932055,-18.073734817104608,0
0.5848235762705571,0.5745404269071718,-18.766745820963326,0
0.17193743270925105,3.17057239905079,-13.2861431566306,1
0.8569654689518822,0.5243473719089614,-17.139527817293523,0
0.6366397140723804,0.4988069213464964,-18.209722607160927,0
0.6045296950044944,0.6255863372215533,-18.227361699663277,0
0.7255942289475819,0.5297220106109922,-17.88939099811294,0
0.6911708192566511,0.48094431307466423,-18.00664828664656,0
0.6843525410520619,0.527507490855362,-19.148323415171,0
0.8127236773129671,0.8148014507052938,-20.280928954061977,0
0.7439301340446691,0.5795071962783641,-18.957240799729234,0
0.6576005654637219,0.4007887450867932,-18.154220988798038,0
0.6660419265926576,0.37323801928677536,-18.88539983726099,0
0.6597930788875451,0.9310207398081705,-17.016794363525317,0
0.7699791697264206,0.5664998445848847,-18.274983763080904,0
0.675348189643749,0.6651867751448127,-15.751711709965656,0
0.5565477198036679,0.4842934160490586,-18.67379310987498,0
0.6961344257012524,0.6481478953907124,-17.83113984155813,0
0.5770379199097656,0.8188994477402298,-18.34663410740374,0
0.8747384481403921,0.5021605224384368,-17.472266330718213,0
0.6227465668922215,0.6687880169922874,-16.721098645203547,0
0.6870508187713815,0.3891380586164418,-17.270062849287484,0
0.7206562187760909,0.9034299177550187,-20.43695552335927,0
0.6769073471456616,0.6402803895366862,-17.400166067432558,0
0.6767975678827045,0.5380809233471562,-19.213053770737247,0
0.7337461828928701,0.5553188815070754,-18.371723014099533,0
0.8220972767037023,0.5234942738228496,-17.172804975795195,0
0.7614007265453837,0.531164225381476,-19.34371309009805,0
0.8182811102858834,0.23287572864755096,-16.61286239101794,0
0.6162704713525198,0.5853051401854866,-18.42406307946148,0
0.7253890106604288,0.5790181979091431,-15.394875152498262,0
0.7124196841646623,0.6732992305890715,-17.917586609047486,0
0.7280873033341387,0.521528438033771,-15.953588708817875,0
0.8100985576508457,0.4843445528788466,-16.56278493055979,0
0.6823368680166356,0.5988337583320537,-18.733326098465398,0
0.667559730675673,0.35814478228642743,-19.562028873160227,0
0.742718463793493,0.6215134781301876,-17.863647166514944,0
0.5577437817947322,0.32072711107174184,-18.69917174222661,0
0.6810518360702257,0.7681227973246194,-16.104337463895593,0
0.6892641848571637,0.7026404933491163,-18.296231006007147,0
0.6263713106954459,0.46107211853639796,-18.36048475022253,0
0.7845647209085261,0.6991707020007055,-19.675078152884424,0
0.6150207746125372,0.6167271336380822,-17.49693958430428,0
0.6891301561308962,0.448648465337271,-19.4090667383362,0
0.7234525780258374,0.29656857641563655,-17.469075704543144,0
0.8082761249180894,0.6474653525139679,-17.303889928202395,0
0.6991554852095316,0.48085772292974477,-18.899610134369237,0
0.7748922875302569,0.7642454354544119,-16.852104082778744,0
0.7560476317821702,0.6021050600822777,-18.329850527149485,0
0.7098766044935314,0.49506259552540244,-19.765492435085065,0
0.6128389273381235,0.8696758099635706,-16.145655191623568,0
0.5852335311276521,0.6864669738904507,-19.108164688889183,0
0.7085204321135349,0.051737022734384075,-17.391515350480223,0
0.6565842500877909,0.52704123468137,-17.489046631143307,0
0.7735408873345033,0.3923866511981365,-17.532978391290786,0
0.7596685214478862,0.4800303093419537,-17.553765700883837,0
0.685231120445036,0.5782901401622196,-19.164225163872004,0
0.6073829660846984,0.6531072762881319,-15.970380478196734,0
0.7408588439685818,0.639204861317036,-16.852501019759234,0
0.6185640443091879,0.7616809614847203,-17.42993192249952,0
0.6393228861655308,0.6954897566263,-19.599571482618753,0
0.6216467409427876,0.6862120393688257,-19.174041450786522,0
0.6889199182448037,0.6302238484699911,-17.211052047973002,0
0.7936153867256449,0.7930198279088851,-20.40442093403618,0
0.6995967303821177,0.5525585185213624,-17.593555368071556,0
0.6645425046057843,0.5564545096897213,-19.597412156862745,0
0.5779508055963805,0.31416399705412046,-19.041638133011535,0
0.7441699667783874,0.7584246065715053,-19.693281129201115,0
0.6375676315257097,0.5884611366331268,-17.704672301061237,0
0.7094014095326476,1.0400408559256908,-16.66036625779884,0
0.6716625107266687,0.5391700962356313,-17.582378971424777,0
0.767054177567955,0.6132867194125102,-17.450600341293303,0
0.6874210886377158,0.6819757430412621,-17.798449324614143,0
0.3968540161546069,2.6921604915939272,-8.214711914191383,1
0.7388597717964367,0.6537821570818841,-17.439497262899984,0
0.8685552145810548,0.6051992148085777,-21.258117832796618,0
0.7710757544286844,0.5544467715484743,-16.912431914806028,0
0.6929115114921112,0.775890593811451,-17.03861764564692,0
0.7002558392492231,0.4644376923134016,-18.434775396790087,0
0.6580112431740451,0.6412353169623333,-20.36904807327923,0
0.6240003437184243,0.8181996437077569,-17.709031169238713,0
0.6557799370346942,0.49400673660655525,-17.608007035036202,0
0.6382280829030446,0.5554671025961552,-18.528580179073014,0
0.7522694707036708,0.9517956845207742,-17.77596033078397,0
0.6143044113704811,0.6711586597734085,-16.713791690435556,0
0.8066568449104035,0.5240703785036074,-15.1229739380458,0
0.7601637106895063,0.7203937140117717,-17.82371559250096,0
0.7016401383494134,0.5147859672613461,-17.59930358237611,0
0.7000254889172054,0.36526261137598937,-18.98854665022247,0
0.6554174952308357,0.8058545917897755,-18.601670455171895,0
0.7216067529078211,0.4345411103803478,-18.163251156445774,0
0.7870473970566871,0.9677568937495936,-16.58673835753128,0
0.6437474830195349,0.5266001436806691,-17.01725069276633,0
0.5773286328865015,0.9199897022342782,-15.684775987190445,0
0.7562574603885395,0.39469933972199134,-19.78827141079225,0
0.725949277939504,0.7538240379399379,-19.588481964778765,0
0.6103840958847055,0.6749589409476975,-16.677500477716883,0
0.6413286903268706,0.7256619338332728,-16.261367548422612,0
0.6312716580759887,0.7452034060014391,-17.96024625399488,0
0.64203741847726,0.5253382286578242,-23.358724636234655,0
0.6741053796767049,0.4036734236995502,-18.892234994278496,0
0.6786762156575402,0.5923623404491173,-17.597407617420732,0
0.6479365075945231,0.6334545386377701,-19.07929558389328,0
0.6393468944400057,0.5292233068266743,-17.77784861167474,0
0.6816972524864494,0.6416330955239793,-15.721733461353628,0
0.7134153227887648,0.6494438296762111,-16.288640616486,0
0.6746962770908124,0.46349603301842013,-17.029329305555834,0
0.7926933618673041,0.6592456922535699,-18.07733913460579,0
0.7406470171536629,0.5599181964458031,-18.59360166948047,0
0.5727323314513043,0.4950028649694943,-17.09069842166703,0
0.7418982212331082,0.7181062707335989,-17.969526416999727,0
0.7484435186068465,0.4834513182459683,-17.928354672753155,0
0.6652212025500647,0.5314998615142911,-19.861458735457234,0
0.5803841930157475,0.6108076275279983,-18.85743645867107,0
0.7006453407528909,0.8061467430981357,-17.097767439219822,0
0.6993833078814204,0.6289176116586447,-19.321280208898305,0
0.6102683010773444,0.6792432498712001,-17.681151481677052,0
0.5839024626992051,0.5553536196005255,-17.50499568616303,0
0.6929957162837248,0.5882265563435488,-17.434934621095177,0
0.6813538246359342,0.5926684149720609,-17.327682940370774,0
0.6666187707742085,0.6439959354025537,-17.246728736231923,0
0.6933271412202751,0.555604864042761,-18.748551710451036,0
0.6117778900943744,0.8009999828214314,-19.761185476393408,0
0.6652143509707108,0.5440250642246787,-19.04824249486002,0
0.7426660024491477,0.3439138297191949,-17.124094563714106,0
0.6720023935718968,1.011419490655503,-19.441015912554832,0
0.5662422022565958,0.5508946963584371,-19.24873281586141,0
0.6621846177821142,0.7969754680637021,-19.255372800909207,0
0.6143873229194511,0.8107186262939637,-20.215169345691912,0
0.7213709037169385,0.7417821468375573,-19.37640523935816,0
0.725506992270434,0.5702959170603896,-16.799523704011595,0
0.5672980299931175,0.6430027229811514,-18.860117583258674,0
0.7607210376465751,0.4088234686042609,-20.098725787865217,0
0.6110250958977153,0.8985221660727414,-18.6139726258975,0
0.8247345832385881,0.4722291002725995,-17.3873433409276,0
0.6960978988399507,0.5619148555888687,-20.196927317860396,0
0.600288520116867,0.6148479730560377,-16.856027628280785,0
0.6086411143445855,0.583884036774456,-19.729176978430896,0
0.7278476233429876,0.5014690076559909,-18.47458036678402,0
0.6686960088081297,0.8091508578082032,-18.48991813199474,0
0.6922676872305487,0.7425418925232419,-18.67372812810663,0
0.8290224186157631,0.6483070806488539,-18.077762038177827,0
0.644060474861674,0.5400670416004875,-17.06572757522796,0
0.7047970286156565,0.7596413807766705,-18.04896189756385,0
0.8135875589898443,0.5303297050833652,-18.726808392111916,0
0.7216410780373119,0.8355587760506723,-17.451181578286924,0
0.5714717811713594,0.6166831373225141,-17.751283525652994,0
0.7404311209385709,0.7844672290459073,-18.803404271912193,0
0.6069597713773244,0.5829269510724625,-17.949238293498762,0
0.41079475670057536,2.7807887173077575,-9.327996030334111,1
0.6341705916001618,0.7838131592187999,-19.03888647407633,0
0.9375607606196531,0.9290887727706667,-17.033038543020112,0
0.8173900790662142,0.8340550226257322,-17.463649432117013,0
0.6362709944297616,0.7315701929066775,-17.075544437716143,0
0.7016011044001288,0.6883925149436394,-17.23784579861819,0
0.760291542530677,0.523957696461056,-19.064663110864863,0
0.7626928379381366,0.6442844611658148,-16.79846168391985,0
0.7353869007980958,0.4630426224004902,-18.357128532338308,0
0.8001727229572888,0.656367320052716,-16.884938612079342,0
0.6901624842692504,0.6660075991040361,-18.150139931965555,0
0.6706625865139173,0.30587322877977124,-17.624204294544814,0
0.6722508809660311,0.605810791378756,-17.58812648526358,0
0.7686698585577701,0.6622312348633658,-17.024159537658733,0
0.7292144832242117,0.5874435214291467,-19.961455345210645,0
0.7233026932552205,0.6537073258284856,-19.891677255251313,0
0.7636187399405745,0.3987416634965529,-17.193946961877387,0
0.5359158073716915,0.48362035416596116,-17.572365042007963,0
0.724805505910012,0.7552407244745898,-18.930772377826344,0
0.7174855111098972,0.6000857498468665,-17.56282930917991,0
0.8335046465040563,0.6509818471972363,-19.68955225212468,0
0.5777129614189066,0.5180218258937132,-14.082852586957188,0
0.8245749305901406,0.6029241034915285,-16.426114335806467,0
0.7060327303139732,0.2546981729797202,-17.253236787110552,0
0.7391191624528035,0.7269017907631149,-17.909243555187015,0
0.83407350300875,0.8711899258428706,-18.742473653766357,0
0.7448609014404458,0.44024736761780386,-19.572223487215048,0
0.7320294631570048,0.4589501718735648,-18.13658715298731,0
0.7193832948641854,0.6661319847356223,-19.03171276283415,0
0.6613217492004498,0.8210818935760118,-18.961730218383895,0
0.6977208700391685,0.5996854023925583,-19.70010796772945,0
0.6427589787101801,0.41560229687812433,-17.700404337682674,0
0.6964346480459614,0.568707414504319,-18.452392206987472,0
0.5131255442355922,0.44551018795323105,-17.357914110208956,0
0.7343231654054039,0.4996730560696835,-17.451481447614256,0
0.6902610196973099,0.5543938351270025,-17.724642443904404,0
0.6731037010666588,0.4606013117637559,-14.808671690334982,0
0.7175806467152114,0.48331414137381523,-17.011553383721346,0
0.5853148861627647,0.6111801000333364,-19.51267921277988,0
0.8543415997297026,0.6322553718205844,-17.449516262494235,0
0.6917786030809919,0.3864029499268549,-18.064822491562186,0
0.6883324453622248,0.6594572583764006,-19.60983668499176,0
0.6227683031893662,0.5427099205302903,-19.705959456091968,0
0.7019157105959408,0.7080392285328914,-17.456156499264516,0
0.8109567912218624,0.7170746281031789,-17.162942958145724,0
0.7828732967545626,0.5183188228567427,-19.255508639189433,0
0.7683550200912445,0.6921221541056599,-16.835799536166427,0
0.7437119161333817,0.4744565940451755,-17.65810272382166,0
0.6713165977949912,0.7985643094252934,-16.56496901166898,0
0.5839869466370637,0.48012956987153027,-16.69245552199291,0
0.6839168982506691,0.652912441293827,-18.19012429848359,0
0.6811302828373058,0.571858628303358,-16.037280323877486,0
0.7839035551736993,0.4474658228643598,-19.34893930814456,0
0.7247512353967855,0.7351373642677963,-15.131646594059166,0
0.8289849222322838,0.5078802286699813,-19.054542816583073,0
0.7957990832030539,0.344989175253254,-18.057603278013218,0
0.6634803512396723,0.16769799552479547,-18.680625958335316,0
0.5563896642704105,0.4687432958358044,-18.45214918545569,0
0.8108460187153185,0.8063862628948459,-14.491735604983244,0
0.8087508178584595,0.7886607701255489,-18.555264824893293,0
0.5907030727278219,0.4922102396478702,-16.978669953248495,0
0.8207392015862001,0.5438317627947931,-18.2824834935437,0
0.7305693736474014,0.5302630386665965,-16.876139484494704,0
0.7128548398500522,0.39998517818256474,-18.65299142204519,0
0.8291826603397862,0.45767521925649857,-17.692641487608995,0
0.5019952005914299,2.969961970087959,-10.75278432196918,1
0.7521064761596162,0.67558318070691,-18.866173744003778,0
0.7378573652649586,0.6409633287794834,-14.69072889092929,0
0.7493115432424287,0.3997280082508712,-17.18287074811944,0
0.6679954052893979,0.6151054821050966,-18.271165145420852,0
0.6955918840214143,0.25442325457679676,-18.83668142022083,0
0.6278146276324366,0.7264204036890799,-17.88993237164762,0
0.6733568179408864,0.6387862351105712,-19.459197612736162,0
0.6706692897064853,0.39821513218502547,-15.86124568338007,0
0.6491755704302667,0.842463833623506,-17.482495473118703,0
0.710939720211877,0.3305753011247128,-18.105583280893672,0
0.6740815319439538,0.6795459273374403,-16.744826574771945,0
0.7401787776281579,0.6832757653467992,-18.86581773370316,0
0.5702143509364987,0.4140494340971279,-19.387151503716524,0
0.690931616471416,0.5943223963784825,-18.156159686074485,0
0.7105241312141997,0.35447582367707053,-17.84694762063649,0
0.6751496608130495,0.17304385255097793,-17.363296552088677,0
0.6862085840152614,0.43981856596025115,-19.77153349971867,0
0.5731803191416114,0.5075062586607004,-18.547580196023077,0
0.7285181683735593,0.6966384271216187,-21.700157751802266,0
0.7518084786053656,0.610111212759123,-19.41881900508731,0
0.7394829835363013,0.6140318189079219,-17.141686159559516,0
0.7830981647553746,0.44783675650746224,-16.84676902971032,0
0.7161223684626001,0.520498304393792,-19.370405442375624,0
0.738294494452075,0.4605110085196258,-18.38952545888925,0
0.7124872590765482,0.4162538989455288,-17.969272613846407,0
0.7550040575673995,0.5109450859519113,-16.706267833389468,0
0.5738216291094302,0.6111768577644501,-16.165086160179612,0
0.6285135225617591,0.5141042220863695,-17.816301293732373,0
0.8269519725626473,0.551474599586254,-18.312739986698677,0
0.5031651342323036,0.7042372216367085,-19.732432330440762,0
0.6887857656139724,0.5248868371963944,-17.87031691852673,0
0.7937819967686455,0.3999050053518163,-15.51009299821168,0
0.6925391467566588,0.6845180282401858,-16.45176894007522,0
0.6675991142839441,0.6398774472762426,-17.790170044489315,0
0.710353734145224,0.6492989247258472,-17.635946629559868,0
0.6717503855998043,0.6938757986303564,-18.82621963374247,0
0.7024679594205551,0.6684962290961918,-18.42856275453183,0
0.6453295170783896,0.6043093038706956,-17.82288098929878,0
0.7886939535964579,0.9587178994278138,-17.81923879161787,0
0.8138611936852529,0.4072546880547068,-16.78710008051633,0
0.6893287742310702,0.5120374082267163,-16.845500480710445,0
0.5890808463447005,0.745100154701725,-17.3753198637467,0
0.6580925463749283,0.6213879438143362,-19.198975413839147,0
0.6852809071917628,0.7136884551016858,-19.153698385418163,0
0.7404431101522566,0.6254634644305307,-19.065469764341504,0
0.6193589421463457,0.8061084826739972,-17.717375652952008,0
0.6384670145086279,0.4488733716550131,-20.43158526570737,0
0.7408540910287046,0.8013689834110065,-18.007530086957544,0
0.7751127065631646,0.7756494739806399,-16.309628740255036,0
0.6502724763863452,0.418456632865443,-17.19980875838323,0
0.5933426356839203,0.6945998114831509,-18.42087313313494,0
0.9627294561030306,0.5935440101645115,-18.837906496499738,0
0.7626643389670971,0.5090126971321404,-17.033141658267983,0
0.6786396990586374,0.31670712154234204,-17.63273356073727,0
0.7695225020424672,0.4483779493324025,-18.29571894309929,0
0.6900434696228462,0.7062168210276883,-18.70683705468737,0
0.7693725511280148,0.7220761903890835,-17.90834041237527,0
0.7127514558220978,0.5683934279135743,-18.363644116784386,0
0.7073017518534058,0.7225477714714926,-17.058744516099942,0
0.6909134505415369,0.7417890116841206,-16.51059708482554,0
0.5842094933229528,0.6231959937939521,-19.640699793411258,0
0.8550475919514511,0.49164995642246934,-19.47098348703461,0
0.6246772863785804,0.6661581169223467,-16.382332574821522,0
0.5911981138951524,0.6730477061488295,-17.801017268803253,0
0.6829712093794905,0.7010916585525464,-19.35798076414661,0
0.6230822549191595,0.7298104905003359,-16.82009807200723,0
0.6958629767551783,0.39567531421181673,-17.5899778801334,0
0.7550211078849415,0.5235106131951387,-15.356105085690128,0
0.7796242320423378,0.31520679814682706,-18.28236201271865,0
0.7651784577297345,0.712049405753302,-16.669555203517543,0
0.6755494356171455,0.5681532828029375,-19.738601326959312,0
0.7039673462129268,0.6646221106046122,-16.324766939803713,0
0.7326303240717993,0.37864818777147624,-16.867007930146613,0
0.5593770060846341,0.8101471274539576,-16.074783079447474,0
0.374347507713677,1.4443682452574882,-11.535232720853623,1
0.5834160569932935,0.7161844956573687,-18.118857823050813,0
0.8632277279125191,0.6176925256338812,-19.40535187684423,0
0.6676387932286644,0.5715835833710732,-18.722463480436847,0
0.6852099858244327,0.5594759840081739,-20.113380464637743,0
0.6384234320609715,0.5042905486025805,-19.10507883742045,0
0.6496023974515448,0.7942794265351152,-17.488966380949883,0
0.8819274855314592,0.6018919251528364,-18.057303454590222,0
0.7752295750898638,0.40961677044701694,-18.268308168158665,0
0.5760638043881728,0.542405969694774,-18.951723499136996,0
0.8203370320548183,0.6192508540804407,-20.126878813029943,0
0.7954593820113145,0.7346707922167988,-17.7815002641153,0
0.6775030030169369,0.5093070419224189,-17.54500776903763,0
0.724535755362387,0.5193335166293178,-19.189876272056058,0
0.26901099009105917,2.1775349821550045,-11.957983520135626,1
0.8578063923557545,0.7310137229920989,-16.149439855092687,0
0.6362967848806327,0.39468681966059554,-16.60860245571164,0
0.7116808487820581,0.6758031946487618,-19.781309474074742,0
0.6657483735205756,0.5303906204807016,-18.101563664676906,0
0.5853567676305717,0.551335112737727,-16.254053181153296,0
0.8753310604043989,0.9002363617694623,-18.259705196769023,0
0.605474673671807,0.5705296163172712,-18.322731826088596,0
0.717610334999022,0.713204062546287,-16.688714847908308,0
0.5607439514895731,0.7078370755805022,-16.815516906869743,0
0.6680743568605525,0.42299641288522394,-16.87763598554328,0
0.7337575057146766,0.3231908512165644,-18.314381699008955,0
0.634021281639811,0.7231473138625366,-17.204534380469944,0
0.7469441480588523,0.4374680711327221,-16.206305383253735,0
0.6784767126489534,0.3503725568143459,-18.05984843816229,0
0.792806600991889,0.7539243322266296,-18.484091545576405,0
0.8089408730672178,0.44708598993366105,-16.52391283309244,0
0.6530604191415991,0.48412237864734087,-15.545472236523452,0
0.7061386287514365,0.8961559732633942,-15.461994139721014,0
0.7146763381177785,0.35103969579276434,-18.44941379972994,0
0.7495479436347758,0.41155709378896116,-18.32884829939627,0
0.7011505596995412,0.5310452786289119,-19.23499479976386,0
0.7152168767474273,0.5639614740248367,-17.858337210702242,0
0.6805274820163904,0.465938207682352,-19.28894271774902,0
0.7092191893577614,0.42620173540156253,-18.63196013004899,0
0.8038352154828106,0.8264991486647896,-17.15864424220513,0
0.7516866592969483,0.6394479186157073,-17.532027107832725,0
0.7561004511554694,0.6877753116313782,-20.172865566200432,0
0.7578456259308463,0.5794162235162196,-16.115649242070738,0
0.6876952977695171,0.6434182423288705,-19.304395304582084,0
0.7255061634863624,0.7399352491664386,-19.153120708654804,0
0.6131861057331404,0.4505551478181998,-19.48670658211734,0
0.8015046125053565,0.6397253994776972,-18.79354000627681,0
0.4773631654125423,0.7044063470111837,-19.076167654398994,0
0.693028128613166,0.831719601957639,-19.04692012942668,0
0.7912716781720219,0.8921836469702642,-20.957126462077735,0
0.5908905653096527,0.6104789695472642,-17.844087129535424,0
0.731982393409348,0.7707958424530701,-17.72152179862133,0
0.6455386842736778,0.19947480999426798,-15.306711914529348,0
0.6704957387848904,0.832842436406507,-17.416390802801327,0
0.775675276851155,0.4911174507418794,-18.595906823661775,0
0.7158445540708119,0.5638353826518163,-19.440857974168104,0
0.5372515305692509,0.6661656726550531,-18.115531751759114,0
0.6218859568214721,0.576983644902673,-17.461532532728928,0
0.7780268587911008,0.6294680069352202,-18.604018343182855,0
0.7359154174554398,0.8381539452339215,-17.926780768381715,0
0.8398508458019427,0.5423669931981043,-15.723175087129416,0
0.8346118075210638,0.43696142752491696,-18.460932152446997,0
0.6726203895882567,0.8720195785947826,-20.264130665750987,0
0.900259024405559,0.6790146325507016,-16.951815855130278,0
0.7019583735881528,0.8883358462970194,-17.622814265021937,0
0.6229865172472779,0.7295444865868356,-20.050790413509496,0
0.6493088107271537,0.4014608411979845,-17.486827587268447,0
0.5194619915768465,0.6968077007635322,-19.197436258965297,0
0.8285615206599424,0.4524077901176168,-17.470413117162714,0
0.827580959123509,0.6011147703659501,-15.711283788954852,0
0.6187594048949343,0.5886428394588363,-18.212363201211865,0
0.6817692569294475,0.3573504293050416,-16.700074561156217,0
0.7076486035290062,0.47807842656573196,-19.474184781422853,0
0.6231717558286308,0.9307780950238649,-19.823302975605216,0
0.559591837498307,0.6357566107261746,-15.579155433125194,0
0.683171391697847,0.5736605798005572,-17.630621983732397,0
0.6743136456432602,0.8719335329911388,-17.235996070606394,0
0.6689271007208979,0.5405647034896247,-16.61757323658555,0
0.7178172850080772,0.5862869457046319,-18.633377771757548,0
0.8143615726820793,0.7486204284184275,-17.009860368284798,0
0.6757525824246619,0.5398896302075475,-17.19174700522942,0
0.713635439897709,0.4880218890971248,-19.553765784938836,0
0.7581496418995949,0.26193653769589237,-16.184417626304775,0
0.7443314341210199,0.4595252529925858,-16.43176738082456,0
0.6508461180441726,0.458095838101558,-19.540460686845275,0
0.7077101698491228,0.6237850043202915,-17.759656270245845,0
0.7438031856135242,0.5084312601408336,-18.27729568429553,0
0.6097318929991378,0.9237028516285793,-16.298031036088876,0
0.8010831208637206,0.44135566046477903,-19.692734407342332,0
0.8145271124171288,0.8100970030286108,-13.677101970947366,0
0.6421775795644404,0.6329629432691324,-18.20938100324625,0
0.7154936014678535,0.7210161053568583,-17.11386580058257,0
0.7513822605336825,0.7119029392103805,-16.335002001596635,0
0.6563508674936998,0.2672646704531375,-18.235199211804172,0
0.7385291076550475,0.5982670981535164,-18.137930262714335,0
0.7130604501033732,0.5606657794149251,-18.603397072582354,0
0.5825665457888959,0.43005328579630986,-19.06255875135734,0
0.7367329052782846,0.6689439055823803,-17.673769022648735,0
0.6119886066983171,0.8574810473816207,-18.162320016209947,0
0.7751362281329637,0.19904945341739005,-18.611249037990596,0
0.6463031139892889,0.5198295486237419,-18.541156737640442,0
0.6870971653071084,0.4131350753829566,-17.30851985532823,0
0.809782313075726,0.610766673935654,-18.957076235220654,0
0.7397105317223076,0.5511568075275006,-18.296357722070674,0
0.6136420864340363,0.5091484180864233,-16.92159912985307,0
0.6188066743360733,0.7034260242493587,-17.703329435916842,0
0.652055776910102,0.8454271951585648,-19.25947111963033,0
0.7315715266685332,0.9991977977636752,-18.028645282496363,0
0.7286639851946214,0.4890556427297118,-17.47557405462844,0
0.6325518156269704,0.3268686672272896,-16.81287337051651,0
0.6066232411508512,0.683879465111751,-18.90645440009388,0
0.7225266724068667,0.8415727102984805,-18.67023566724136,0
0.685451194736787,0.7220534950561093,-18.834191986464237,0
0.8725772709958189,0.8409520559295466,-18.774624239270146,0
0.7029282925250463,0.5661769994096821,-17.51399434116346,0
0.8451402262160219,0.5085638340340307,-17.28661304413962,0
0.6063693121516528,0.6173153861101968,-16.7389158085403,0
0.5741429648350633,0.5504170218949668,-18.109409890890923,0
0.6103931893979572,0.6994641032010516,-19.68638754573537,0
0.7951303825162772,0.7454651667005237,-17.196635802651045,0
0.8404881271754827,0.7572125496857829,-17.8090275859109,0
0.6374256436837893,0.6765889006206585,-17.928036624820795,0
0.6631547176192354,0.6368733490012949,-19.540084185973466,0
0.606481527183,0.7191640033876272,-18.235003036326408,0
0.555068812230529,0.3055512138520918,-19.432385743350864,0
0.7574729358221304,0.6315856128500913,-17.42164201386509,0
0.717841624236973,0.6078717085755676,-18.515872834444608,0
0.70083903861391,0.6319620593957332,-18.623441275637468,0
0.5879954770269296,0.5868564680618653,-19.84458657970684,0
0.8311965345462928,0.6647783240192424,-16.76748495637915,0
0.6597314609560421,0.5138095617698977,-18.310277557475228,0
0.742690113985318,0.7694285144180445,-17.895623075594692,0
0.583635087580422,0.6710474666120211,-18.882588108831065,0
0.684757984830397,0.6226028786825791,-19.980690071959984,0
0.7233099564990867,0.49537251440458197,-18.637950705812706,0
0.43601826383951564,1.8983189732169579,-9.895308918932473,1
0.71237188345893,0.6309989547741737,-17.648687974902188,0
0.7395617993639018,0.4866774909694625,-18.42603889306696,0
0.609558363517363,0.5915007686380143,-18.862018631636737,0
0.7157898084351728,0.694362392886186,-19.8040072765708,0
0.7091006146784221,0.6827360308229737,-17.9418558054927,0
0.7185338147356048,0.6730513451712232,-18.955872232525042,0
0.7057876173855345,0.6138797087611616,-16.41503215948116,0
0.5981429780869282,0.7538729299952844,-17.819824006394278,0
0.594576019831282,0.7856694755717415,-17.32547659196041,0
0.5228585451292358,0.710598392351331,-18.298546399547007,0
0.7654027607876238,0.5118823087716439,-17.758463652278508,0
0.7662126007788158,0.44129074240642235,-19.068858378924304,0
0.7674840232977695,0.5184090349542609,-19.413862590803525,0
0.724543196996916,0.8930485121965084,-17.981842707181734,0
0.5293504625825511,0.642254387074103,-17.31553001375871,0
0.6178631606571787,0.9189662741289577,-20.33497412407389,0
0.7136332334074489,0.5819702484618845,-18.598924188964848,0
0.7108414402233436,0.5611779494260618,-15.78945347053393,0
0.6821801429478382,0.5888915195033889,-17.424926937996055,0
0.7295133762326597,0.5861738879920044,-16.1548247595714,0
0.7009321366148196,0.48395236321984136,-18.7608539421463,0
0.7096616372441089,0.4276727597749984,-18.549486917993327,0
0.6488747733734387,0.6752004940771295,-16.839920015586593,0
0.7785608788897271,0.7582351076396046,-17.25177557354601,0
0.6655382713055692,0.9667471950999602,-18.113261491271622,0
0.5935480733583498,0.5349430639963466,-19.515018971122206,0
0.6383200789745017,0.5471016769703887,-16.611777645327706,0
0.6721227046910415,0.48431560583234734,-14.987726222966746,0
0.7795202230695077,0.768859114406035,-19.886239425956102,0
0.6966185601252165,0.7222481182194397,-16.315657020300673,0
0.685108142482748,0.46845981271882103,-18.561961371188847,0
0.6001069260189897,0.46467028695405854,-18.400162381245778,0
0.7628386071863661,0.7428772137893846,-17.676432614954,0
0.6478438276781291,0.6574794226812611,-19.446627934967996,0
0.6919977712846931,0.7137583069516715,-18.044566133933262,0
0.8184146461505492,0.4675847282491631,-19.933504353362604,0
0.7407010664839443,0.318341270413469,-17.428701012266153,0
0.569739676182786,0.4687552474979745,-15.319533554444197,0
0.5584391810918021,0.703165009501684,-18.767437786996396,0
0.6948551639904603,0.9166586967952337,-18.202492005950052,0
0.6029807508100156,0.5355804015708587,-18.143373811287297,0
0.7518837398106398,0.9413783822815298,-16.816237687210798,0
0.7033810451971982,0.7244729651237531,-17.513313157137837,0
0.713230781521909,0.39104515474367607,-16.895584787577686,0
0.6434605454686118,0.6321050756716547,-18.607482402242848,0
0.8393106924229364,0.7295961417617791,-17.479717194216246,0
0.9274074982408367,0.23617756521709699,-22.04136687952303,0
0.6777132220994628,0.6966676736870073,-17.199044913613164,0
0.7282431398732,0.7759081769734668,-19.461351250554316,0
0.707793387445145,0.6598302186196715,-18.39311265779991,0
0.6792250509247144,0.5907418183977865,-17.105698669626953,0
0.6334343625813762,0.5740610125497889,-19.84330779914389,0
0.6132025610015618,0.5653016508462266,-16.69268064213357,0
0.609152218757958,0.4236030294349336,-18.149165773546468,0
0.7324192020439316,0.49687142521425487,-16.256261416455313,0
0.6584260417437091,0.537510893152176,-19.083412990842945,0
0.49373657198875753,0.6170241519338613,-20.175345269216336,0
0.7355886576478657,0.51647778635144,-18.034736058405645,0
0.6969390974028675,0.46963061362531044,-17.29550871858331,0
0.8077338401120917,0.7139656288688767,-17.194875673427735,0
0.7298497917672807,0.6555920957921784,-19.362585763112683,0
0.5817061122951762,0.519115569481565,-19.949559684143892,0
0.5216258687416014,0.6759417707231381,-18.374788768681878,0
0.6424422092529649,0.5320263159471097,-17.38026721142929,0
0.6499914063445077,0.609459754423218,-17.441055861472414,0
0.7754527360800133,0.74625660820843,-16.113448396233427,0
0.6992903254168341,0.5094388360250605,-18.4481462417009,0
0.7906950798478807,0.4241382588249385,-20.213875725869627,0
0.5940133555437892,0.5782298125467987,-16.564000274058916,0
0.7772211507504359,0.3954802475721807,-17.765765623067097,0
0.7576791322744735,0.5583827235973536,-17.661374507398907,0
0.5385412710855042,0.5579043781029814,-17.0794915294721,0
0.8058094273008618,0.23044738141416554,-16.483627691557608,0
0.7074766793413082,0.6795952745616765,-18.027623980980245,0
0.7313635603094804,0.5725965349978019,-16.588138040006317,0
0.6308083110057261,0.7772844679157903,-17.337436483029858,0
0.8020197610337577,0.6323297969691124,-18.786698869569598,0
0.6051318136608903,0.7103412855473322,-18.279886166602214,0
0.7665673614699157,0.7785058129810565,-17.259907171921792,0
0.7656485980726937,0.5802424375843881,-18.850589717092674,0
0.6220666057462222,0.5998765216704147,-16.93624907743626,0
0.8586698879538059,0.3639685164914652,-17.810179798983352,0
0.7185222784174015,0.7859306617851362,-17.54205811308022,0
0.7523114088216819,0.5781453900417668,-16.271393611739818,0
0.5778303363731395,0.44914041744780275,-17.572119746908562,0
0.8694184002406852,0.7109583729731141,-17.914305775301624,0
0.6020354447819928,0.2730328212053622,-18.099106155729746,0
0.7819909146212743,0.5356088665690233,-18.161588351736892,0
0.6204182625654643,0.7362466561817761,-17.62524076295567,0
0.6504808957721854,0.5343417222051142,-16.364012419060302,0
0.7631003235108358,0.4923117073577128,-18.734131512401003,0
0.7822042170940126,0.5375767804330575,-18.824948566405155,0
0.5982972600708718,0.29851061032971393,-16.457952125762365,0
0.7872377735245595,0.707321764767455,-18.679376327830266,0
0.7835984396106555,0.581567093703463,-17.740686160376754,0
0.6249637272924086,0.5591513085007856,-18.710156957779038,0
0.8278918074872887,0.5596997075386438,-20.015381350027752,0
0.5834513897401569,0.6021119697696876,-17.762129768049647,0
0.6500181933777908,0.69801560560081,-16.661798527168738,0
0.738320209927359,0.5921904688201126,-18.074465822151268,0
0.6317146972237915,0.39575451777302817,-19.777990275907474,0
0.7211055268543473,0.68632741823161,-17.8691153003395,0
0.7192860863042636,0.6747854536506339,-18.90714166637447,0
0.6850340584061823,0.630829049732469,-21.143406099894914,0
0.7665920430872447,0.7612861960441979,-18.09706046606825,0
0.6817311365873888,0.6045568014619438,-17.378778967334362,0
0.7185232855051044,0.7667064133483883,-16.5867534262417,0
0.7917177501990321,0.8110816532217594,-15.891774312045431,0
0.38209300619256575,2.8780906371913506,-11.89571067007796,1
0.7628813832651367,0.4878099567183094,-16.87971910967329,0
0.42230379395798634,2.087439329573592,-11.384765381538289,1
0.7419834060401057,0.7858284051087561,-16.053809038144497,0
0.6297200967224396,0.37535582008957397,-16.47916778211414,0
0.5974868016177578,0.5412069497732087,-18.440538581959828,0
0.6942634922972025,0.5485552745329884,-17.18200784965459,0
0.6276563850678728,0.47021840994694,-17.302718179861667,0
0.7632494175071981,0.730931842487818,-16.235743787339526,0
0.7651628367756259,0.6565222606561165,-18.18132932659186,0
0.5477899010854845,0.49334124650992617,-18.895479165240015,0
0.6337357968338487,0.6908269380353759,-18.58799804359361,0
0.58321706624656,0.5762375647997673,-16.92384481996336,0
0.6629896578725687,0.4664708140166486,-20.3038444921708,0
0.7364140535895058,0.4930622384635699,-21.596488127092204,0
0.6806169521457289,0.6654076612163909,-16.926901191638425,0
0.6528192607466291,0.7408514817782758,-17.67023344301364,0
0.8040141221450511,0.526984765056782,-17.97784399643619,0
0.5156114261922968,0.6816662000503517,-19.566655953586146,0
0.798949751481458,0.8372631236366224,-20.051867717514344,0
0.6564569365475611,0.41116941654446204,-18.761434900197823,0
0.6937512791909768,0.6533504809257935,-17.565965880756384,0
0.6578109329823912,0.7245983536943112,-18.702906855320645,0
0.8234310484431294,0.5857275275101754,-16.919879759709573,0
0.6015217202555792,0.785742481628347,-19.14487121042435,0
0.7009389095777548,0.9298255557391926,-18.6232140877915,0
0.2996349739624403,2.3311853826298323,-8.775009031925652,1
0.5711197785691866,0.5649615401583001,-18.45229801978148,0
0.6264081463643076,0.7465474211492935,-18.392819952387114,0
0.6881457173201416,0.7263103290566851,-18.772186144378576,0
0.6290667972252499,0.22217535676227235,-18.99472888896342,0
0.634752658302468,0.599589666586333,-17.574987175324548,0
0.672010986953885,0.5408100799891329,-17.41955244642645,0
0.7519665065316938,0.6595058537270875,-17.72742187493846,0
0.6725825778497484,0.5709512579559314,-18.739420326664128,0
0.7862740955578357,0.5872235861593498,-18.241790279896048,0
0.6201793773872516,0.4705180860808377,-16.084878259894587,0
0.5998462191621238,0.7101793827636731,-19.70530005251948,0
0.8541076324576906,0.8482563332203097,-15.736930463485633,0
0.647363349786759,0.47284920761774474,-17.880336184658944,0
0.5951270394342272,0.39044174652795394,-18.216151667971804,0
0.5606356846582535,0.6030004829741196,-16.855945993437988,0
0.786008276304715,0.5957016508447104,-20.48071928287004,0
0.6726956388271952,0.775639917918054,-16.343616510504297,0
0.6797032211946881,0.41562075714322017,-15.770729005261943,0
0.6872638630730687,0.5193067237463853,-16.69443255904908,0
0.7810354307735825,0.2778445141099721,-20.52274244269286,0
0.6856376132819263,0.8062475454317733,-17.08299864263942,0
0.8875243023066101,0.6375816942485045,-16.02480173037758,0
0.7107008459243382,0.5304850629028806,-16.148701454717095,0
0.7849427813566656,0.4016592782113235,-19.689707096671672,0
0.7644191886323525,0.41542859127341236,-16.78037180207639,0
0.697084214379357,0.6621400349687087,-15.845315516665023,0
0.6530423211183629,0.43388624315989344,-17.964641137624778,0
0.7265571142853242,0.6156008134722853,-19.743241467347666,0
0.7408078984965818,0.9064417291702546,-17.005616888730078,0
0.6541931161498777,0.5478618565582769,-16.7353704376179,0
0.7133071092760525,0.45578333340384314,-18.167049797191083,0
0.7988963982607676,0.6573010808179144,-19.42886814703659,0
0.8655958191255743,0.41613123888274084,-16.821753499156603,0
0.7683495456279537,0.8579976795494104,-18.92257063874611,0
0.8490207749104226,0.8105429502792503,-17.523183928153355,0
0.6496500631034835,0.5753742571569533,-16.130200373984465,0
0.7561505801647435,0.465406022786367,-19.990557716342423,0
0.8070815606865017,0.5361345190836959,-16.910683202436896,0
0.6282933333622402,0.5556501581871858,-18.24789843638376,0
0.6611527910363992,0.6575350697560597,-18.21678394078149,0
0.83903238094682,0.7559448493951674,-17.382820278560608,0
0.6219920915370447,0.44452310538621154,-18.925660837696988,0
0.5927095973875431,0.7516364348014116,-19.410022964314372,0
0.8222385258911609,0.6926528419216946,-20.141033726436813,0
0.7957410579984351,0.523831576379009,-16.52188474869694,0
0.7345696195187015,0.4369932156484484,-18.446006622130756,0
0.6963431396283337,0.6174349075938852,-17.31607150517116,0
0.6649180395516014,0.44106172744468736,-18.582038489857986,0
0.7225559099047241,0.7535521273743908,-19.394112604049948,0
0.826384556592124,0.4314175841801693,-17.217224868073032,0
0.719085290091366,0.6821559289744715,-17.606444911530215,0
0.8733567413797572,0.5879075452777377,-18.284278984784912,0
0.6281646411487816,0.5159062673437198,-17.63772472387024,0
0.6984255396537384,0.5845752740521063,-19.152581467492805,0
0.6701553065868867,0.7619974754451302,-16.727280270533626,0
0.6131886765470134,0.4211613886509315,-16.44912643375863,0
0.6877533013592275,0.5381765167212275,-17.088834514395696,0
0.7333863441328351,0.4872384652969218,-18.446382910912405,0
0.7419384143961624,0.5942074299676928,-17.928783846379908,0
0.8736361743155645,0.49729786612310184,-16.117396262238284,0
0.7371573975778847,0.3347878136420078,-16.46260053886659,0
0.7920109442943692,0.4417293679601456,-15.60735709138953,0
0.705287539703918,0.8456632527807167,-18.936622623975808,0
0.8342444480362076,0.6370092316929409,-19.04425474078456,0
0.8918759428470455,0.6318543080712116,-17.83875565490147,0
0.742486810478076,0.5576081414987042,-17.51172509124444,0
0.6205872787638734,0.5922561863836245,-18.170746998071476,0
0.6560955981778265,0.535528211575293,-18.467621313402486,0
0.722554744256413,0.6790392796561597,-16.479125780605045,0
0.7365198428200517,0.615121328138906,-18.108878508656566,0
0.7558740107507497,0.4243097684762077,-19.458253701501988,0
0.7368158144984033,0.6380586754656289,-19.31962690432263,0
0.7005587933004751,0.2311887115092674,-17.703522809839797,0
0.6491041247038296,0.6620788799516678,-14.396817018105976,0
0.7320910609011383,0.3885964714745218,-19.171132492494216,0
0.8483989885984524,0.5855917370744886,-18.377848882407672,0
0.7815942884342203,0.4208058595205716,-15.114234269680752,0
0.7427763159708958,0.6004234799299645,-18.581136875806163,0
0.7823653539058201,0.6867417778914333,-17.453446990474315,0
0.6703148776879317,0.825424062787437,-15.748907132890523,0
0.6593387883133344,0.3687963517482782,-19.141774417084587,0
0.6401771916507214,0.7463209433506702,-18.37111226642587,0
0.6899770701784449,0.6196729058066207,-18.58123912036145,0
0.6662395282632736,0.5323999270763063,-19.82147443556063,0
0.7966619792521711,0.7139784757589189,-16.11676086517365,0
0.6619741265854249,0.564611272337219,-18.70248520616384,0
0.6357822627020067,0.7076295774601018,-19.05149481098627,0
0.8554061743064505,0.45115954303080075,-18.533320665684506,0
0.6638899815134924,0.5050504451555561,-16.885402313815074,0
0.7122822765800281,0.7415400079191898,-17.864527755590544,0
0.7361058259794728,0.8228100785355632,-18.949999566516436,0
0.6090645504863348,0.5947452151270726,-17.509020186101935,0
0.7988387015602455,0.18190666119663296,-17.024886362701714,0
0.7509695232328981,0.5701426076087317,-18.028517505483308,0
0.8246707209504625,0.6048639176733644,-18.28171311463879,0
0.645662245022552,0.5650839934960241,-16.780948873941337,0
0.7079300633980927,0.6504507842498296,-18.21502229581613,0
0.7031484603995356,0.5284635108604017,-16.07017019245197,0
0.7211110795480017,0.725830629101704,-18.909161846508376,0
0.583630820113827,0.42499300909034365,-18.93709615891295,0
0.7088669102953777,0.7855273061031212,-19.084556136101217,0
0.5858828870861004,0.8325118235941639,-18.28661574802798,0
0.7286667256957536,0.46304103929095386,-17.996995126360417,0
0.5297080700385184,0.46296002615954057,-19.59076309148738,0
0.5518730532567531,0.6616042970666292,-17.883891278502976,0
0.7654838973151998,0.4219169385385666,-17.32157497525685,0
0.6562529235844173,0.5261095693346519,-19.758589865751635,0
0.6209713541094207,0.7653790434684021,-18.625405711657063,0
0.8016676496860438,0.7106410146715444,-17.319017125717224,0
0.7262100973862732,0.8970294512534385,-19.307303119051106,0
0.7697672156427027,0.6256176221400311,-18.379174226296154,0
0.22310174227455012,3.6381660737396926,-7.3515417341443,1
0.9143702955120002,0.6076865267479531,-15.845780684248778,0
0.6516388911552163,0.5774117490887049,-17.472101746501046,0
0.839559643948791,0.5795164336195296,-18.203103942993135,0
0.3838975893668261,3.0660255892614248,-11.978900609912783,1
0.5676391684069803,0.46023499367306453,-16.907095081474143,0
0.7386278996598487,0.6423326632455963,-16.639912321061196,0
0.725181004916413,0.3887005098362113,-19.38772295654118,0
0.6158942548608616,0.49247600881378284,-16.90748782086728,0
0.6262224578292228,0.5821681855290274,-18.728455562071467,0
0.6980241885532006,0.26106700310166125,-19.03146692874269,0
0.7279798252198385,0.7153487304517376,-18.184373044260514,0
0.5023469373696479,0.2920268235228742,-16.81006410892516,0
0.7842497162019042,0.7004381536347267,-17.628713610192392,0
0.6604401620948017,0.40607860651077565,-17.66120200225102,0
0.5934602012481458,0.539262196394475,-17.577070015200384,0
0.7752853241161544,0.6778695970424143,-17.438810377571567,0
0.6981105616465234,0.9297209279219223,-18.13698146103176,0
0.7972932621425803,0.6174677966561024,-17.241733481529618,0
0.7350361810383804,0.3026060507700738,-18.791618635170042,0
0.6998788397641563,0.743054269895366,-17.218790818865365,0
0.6877816044015874,0.5652122392711473,-16.971617582599215,0
0.738617020844491,0.6104859981688235,-17.161036086519626,0
0.6669174992952536,0.6836794544831422,-17.098765401967082,0
0.6317941929002799,0.26619330646414285,-17.442161231723826,0
0.7487927298123714,0.6009805271602794,-16.591868501588863,0
0.6884409726844456,0.5385459165070957,-20.725936540774395,0
0.7026854118455205,0.7832752359008278,-16.975504850921805,0
0.7871503868923686,0.7090670645008114,-15.629450967410548,0
0.6908898713811407,0.3559497115827679,-18.74627456995063,0
0.7012027140433432,0.7893938778523573,-18.880475830035003,0
0.6520280390839254,0.6674287632240317,-16.456417184431437,0
0.734459194718548,0.36791376038201723,-19.11208720737514,0
0.727986233014407,0.6083629655239159,-18.80006917509054,0
0.7720620105432446,0.7552239170783782,-17.796061776362645,0
0.6536696930394499,0.4178934191139909,-18.958741452183673,0
0.6633746424327851,0.8066366003768125,-16.94997059760773,0
0.7633709919316375,0.3731056838808711,-18.948962546708614,0
0.7201770402690291,0.48131592350295227,-17.567239982751982,0
0.6275025499045844,0.4585693746915462,-17.658621044404192,0
0.80452432541876,0.8065400597382992,-16.003334313109836,0
0.5641239545279799,0.5263475795176205,-16.601637760445126,0
0.7627427802611001,0.4255774496008503,-18.635433049744385,0
0.5987830371201442,0.6667816318371093,-19.517390887766695,0
0.8508630813188421,0.6991771485889078,-16.994437389627077,0
0.57643202184755,0.7001304142191197,-18.78406900170399,0
0.7921800521498198,0.5592991252160985,-18.402812085484502,0
0.6934692511991004,0.6381801451555421,-19.271793228076362,0
0.6706717944129005,0.5024650370656072,-17.1851856830558,0
0.7148317325174208,0.8512202516903595,-18.77579173972501,0
0.750552027132625,0.7716307737986897,-18.042050025963345,0
0.6276479598135304,0.7624435243561013,-18.02340367907096,0
0.6347369819865142,0.7191173901860318,-17.779727256103307,0
0.7519683892090309,0.6779599958992502,-17.206033797936424,0
0.5634125637080319,0.4133456273775318,-18.291384446273064,0
0.6532616725446331,0.6949951854383473,-18.88971309826385,0
0.9432549563327552,0.617139784509498,-20.231453560506537,0
0.6225589628328575,0.7895046127426378,-17.876844444758795,0
0.7918242233407802,0.7211128773573642,-18.188398848741635,0
0.653123938502895,0.6825570705229532,-18.85256739614519,0
0.7407236115837714,0.34736628037047657,-17.924937045416957,0
0.7523484552476973,0.5866499195087294,-16.972820792862137,0
0.7903165388146358,0.5163161610144515,-16.665734298063384,0
0.6839796938549779,0.637854888627461,-19.842164902109268,0
0.8591107711003882,0.5376677592836034,-18.4330335612184,0
0.6528530748331856,0.558608133586004,-16.846769745121886,0
0.7187376330879648,0.6688550857360056,-16.084750758572373,0
0.7196221545774085,0.5351792829646835,-18.9807163837901,0
0.6102425504040467,0.6182387309361018,-16.34601248492091,0
0.6771302196016703,0.37208821636885403,-19.620115538681542,0
0.7129210799390725,0.4751397784859912,-16.622058524256065,0
0.6654303165496464,0.698406535080444,-18.33810759864641,0
0.8952739172365227,0.41547118249552883,-16.1246120812275,0
0.6329101061120375,0.7868587616404495,-18.55683745950635,0
0.7943539574512342,0.7461599032951981,-18.371868872112408,0
0.7685167850519029,0.559765509699032,-18.16007115504462,0
0.6988910292396583,1.0498101158253696,-19.844460185667472,0
0.6307832756918202,0.786465536677244,-20.114967204910393,0
0.6385395743686584,0.4576080739941397,-17.387814968351147,0
0.6585626160626792,0.7119261080550072,-16.81384518317597,0
0.557140697444299,0.6098794599479636,-17.270906996590675,0
0.6197227659360567,0.4834931863710883,-19.504770737014226,0
0.5814018787709085,0.43951362852506864,-17.423773505913548,0
0.8076700002542173,0.7492340002332568,-19.188244768444445,0
0.7494769913910574,0.5103081803063799,-17.510816750131603,0
0.5706468979884672,2.407009306834768,-11.315967098671123,1
0.7471065561233557,0.4618461107660207,-17.559039775997977,0
0.713357409866733,0.48777630940521133,-16.23775931730968,0
0.8168544265703309,0.5809606199892792,-18.179984965623294,0
0.6511389875414609,0.6582273439086227,-18.25997918556524,0
0.7085335724293635,0.21174612546728272,-17.919178442663064,0
0.7597647062259298,0.6025379698750125,-19.61116930055849,0
0.5943032614515096,0.48808184811224464,-18.48354129074054,0
0.9477271116914039,0.8103543980175337,-18.378159803688078,0
0.7022852610222069,1.0414128969008154,-18.340799931944257,0
0.7113591560460474,0.5461081447569427,-17.678050599403907,0
0.8005502425339937,0.3416657158930208,-19.77639494378795,0
0.7731964266408179,0.617531545487785,-19.374736780632603,0
0.7030462415517167,0.5691856005760192,-16.641516484033836,0
0.7104103550478433,0.8957025973501935,-20.408697868876573,0
0.5796681175241616,0.8499884015063314,-17.260354717352588,0
0.6554827377720018,0.7298062455894847,-18.44827161695722,0
0.7413768172927168,0.5119958878181012,-17.807853022003858,0
0.7355114271234309,0.7016649849271205,-16.130281457599274,0
0.7976932600003269,0.6397509538602456,-18.157419343038388,0
0.690359915342134,0.6361984804949086,-17.249534393393077,0
0.5890170789255307,0.36626552271481944,-17.9297196387817,0
0.7845384344620542,0.7592693007680469,-18.131251403703967,0
0.8148871476945613,0.6161712492466852,-18.279810357408437,0
0.7718595658284984,0.5848737978683137,-17.15872998179253,0
0.6869093063314007,0.5099765257486759,-18.877922239345608,0
0.7835508841501263,0.48095752505199335,-19.358427826261515,0
0.9743128382406571,0.6475887871918473,-17.910630031882697,0
0.709212185155238,0.3376255797212877,-17.768659195693807,0
0.59506106462039,0.7184248139475063,-20.18898979847875,0
0.6530971960358278,0.44188418445064714,-18.012584914332795,0
0.750038080024324,0.2911978970692062,-19.472252305457413,0
0.5716156551281549,0.873284297388903,-17.247788271062614,0
0.7135522459929655,0.4712869425981632,-20.16442182707596,0
0.7304269320252705,0.49167612577174563,-15.689909004164294,0
0.8228097391850121,0.7701807496512112,-18.405838099962992,0
0.804815588484344,0.8781646350774961,-19.037954338184775,0
0.7691667833401417,0.37004976320948546,-18.33956695244183,0
0.5269856791588376,0.45657479096239956,-17.332474969639332,0
0.7736842502438339,0.4675981766759105,-16.931435892918074,0
0.7564410708848197,0.7402202494043482,-18.329173572029806,0
0.7204755501662676,0.84586981918943,-19.726428497774627,0
0.561582229908361,0.43796211576328814,-19.454756560346617,0
0.6378580872650351,0.812211800695233,-17.656334761511104,0
0.6066541784372746,0.49364488327069467,-16.815207444587458,0
0.5387993248394327,0.6504184354418359,-16.659029698099058,0
0.6997667878868163,0.4092819450858274,-17.79828890950706,0
0.6361742302845775,0.5817104379627003,-16.839240520582294,0
0.9100244464215129,0.5833330928890925,-15.7051809388896,0
0.6864982448449672,0.5527262540527089,-16.57158274471645,0
0.8035002524692768,0.6577456471979546,-16.893554518314755,0
0.574472078024542,0.4489453702721211,-18.967868619710742,0
0.6575928331196104,0.46744150527197376,-16.844856455486397,0
0.7077518300827451,0.6656808217424033,-17.446521026533503,0
0.6273476841113863,0.8013052996463592,-17.219225245959432,0
0.6662239452156204,0.5965779458928115,-16.486672465266587,0
0.6825639275005169,0.6755506160193259,-17.569730581958172,0
0.6812873611644084,0.713712001544601,-18.123055596793755,0
0.8484094858428277,0.7245757782950237,-19.283838969193106,0
0.7302581028345208,0.4569712911245042,-18.35581958117439,0
0.7383608450353042,0.4834484654692644,-17.74457727940478,0
0.7431723819476056,0.49648881090846975,-17.666856791780965,0
0.749010110186969,0.8892950701340946,-17.707348441595613,0
0.6933690412900108,0.6762289408757856,-16.848588168286746,0
0.6743402902816923,0.6694973580577525,-16.961562359739453,0
0.7133452847614622,0.6549353629775607,-18.07450588974792,0
0.7925443159130778,0.4018809894570751,-19.016714528947137,0
0.7900990550749106,0.8907285706165557,-17.539970475866912,0
0.6807681219449271,0.671878129618044,-15.304394942861455,0
0.7614274955734489,0.7084740168982429,-17.61450866966515,0
0.6844332269568265,0.3351718066626297,-18.355108742847865,0
0.42927110177336647,2.7965662954570476,-9.374322212245385,1
0.6621181294756642,0.546568132480856,-17.285116489486473,0
0.6854683888875013,0.40158255379106444,-17.29841927951307,0
0.8073064055639744,0.45693545011923037,-16.35254376594516,0
0.7073936917871388,0.410265868731995,-17.536688451655834,0
0.7108226006841853,0.40773237073280844,-16.40950531750758,0
0.5842225776593633,0.6090821730546315,-17.723719063514988,0
0.6752604873893816,0.5419855816902523,-16.185002078989353,0
0.6806948077004217,0.6501104043242081,-16.551917765112474,0
0.6336685211645275,0.8513963806602006,-16.89384070613652,0
0.7017332329362851,0.5805744429558993,-17.05297711708452,0
0.6656654167817876,0.2632666059062359,-15.238178787515498,0
0.7063996684194865,0.5637062682678275,-16.70805889360028,0
0.7097202407855147,0.7790091654596807,-19.019180405549413,0
0.6235396513741884,0.5871090791254755,-17.704919338238014,0
0.6681038574013448,0.8293995980537553,-18.317660121872713,0
0.7061899426208667,0.6679412389706728,-15.52262841984246,0
0.794743954492538,0.32425953984039163,-16.49827492848545,0
0.7205375338236591,0.6164373375657537,-15.561658770454697,0
0.6470451856066057,0.6445501941397093,-18.91199343388174,0
0.7319203807395082,0.7620533701910466,-16.677990385740046,0
0.8366039111457408,0.8729454857417351,-19.63743477964324,0
0.7733365178071214,0.7361588279563048,-19.91055880096558,0
0.7438021224348496,0.6660719696080826,-18.476347358968912,0
0.7580472140385857,0.7014282407367519,-16.185149835005156,0
0.8151963233142904,0.5747989790325648,-19.191138049144694,0
0.7860501435214128,0.38056832447888556,-18.020174216187893,0
0.7453408304894126,0.606224412933429,-16.573388558152935,0
0.7854913775672068,0.6547935491188358,-16.984304206608837,0
0.6134679122988751,0.41945135611321155,-15.340576105544569,0
0.5798187798127774,0.7989932459249912,-17.995953609348167,0
0.7125678920515064,0.7508116523223647,-18.529955453556802,0
0.705494456772043,0.3942357877068196,-19.31337729729477,0
0.6564871957189393,0.8048748433184811,-18.44159992814088,0
0.7660682135862167,0.5537528446185229,-19.324318751023085,0
0.5509709130839011,0.4832262652322477,-20.155734335891538,0
0.6572182195153756,0.7618916539119789,-15.643928902389494,0
0.6612035564097908,0.5923418380859913,-17.941311840869528,0
0.5690958571920433,0.8848777981255305,-14.890239754525048,0
0.8195784805815443,0.4720667934169873,-19.00714612400698,0
0.5912638985069341,0.3402513714041018,-18.514570330444812,0
0.6529327954153851,0.5579342578250788,-18.930442814108527,0
0.7726383806244107,0.7183833748590709,-18.768907277991318,0
0.7516836274742985,0.4609285521696685,-16.951675506948668,0
0.6113460242812202,0.4004849425800181,-17.320411240482752,0
0.7545991367408509,0.6343391104054131,-16.949508689498685,0
0.7231827582926577,0.38044691847487255,-16.389274089417672,0
0.8866428449689173,0.646003904942012,-16.67117394699902,0
0.7323152332854643,0.5489065423157734,-19.210187693330383,0
0.6887006543145174,0.674169973252856,-18.62858227640283,0
0.6314798434304462,0.3924256794113097,-17.854220627914035,0
0.6404605306435542,0.7947244727165855,-13.526599986284175,0
0.6339384723625473,0.5725448272509465,-17.07311982944235,0
0.8096879051129537,0.7145284001857235,-17.871973429911854,0
0.7014375932013176,0.7439813191927334,-17.1920703339051,0
0.7452197699179783,0.4263832571451066,-18.723736865293027,0
0.821139807998471,0.7323386264412114,-17.685089386797234,0
0.5113228686234028,0.3862399837283511,-16.854405378227913,0
0.80230990117603,0.394479338586016,-18.03479482144961,0
0.7044317529426667,0.8945998853982651,-18.907863904856626,0
0.7348038697312355,0.7667780053194937,-18.09344886321563,0
0.6337277422601398,0.9110496263150631,-18.38349193031542,0
0.6395900481241185,0.5444678954088134,-19.628552903605076,0
0.739107671185039,0.6153642996117012,-18.68586259223113,0
0.8907678240265176,0.6791032120128545,-19.671375343596534,0
0.7802650650251921,0.5981706650109159,-19.48415386859523,0
0.8012418337134832,0.4880795968956143,-19.369133385439763,0
0.6846398983790863,0.46558729531799264,-16.855858442128966,0
0.6519836620331497,0.6320793349243424,-16.213001923968598,0
0.6375356038736805,0.4399710237506542,-19.84329561244587,0
0.660938102024265,0.4357704761449721,-16.103779600470613,0
0.535777405346358,0.6590358016731889,-19.351913007552657,0
0.6420064525686718,0.5857260972771577,-17.103743887233172,0
0.6551717475152125,0.7405809405872528,-17.689729715080432,0
0.6859713460484127,0.5362632884875737,-17.236978146344576,0
0.7105400087797833,0.5128116075036696,-19.398891663373156,0
0.7289960694900488,0.6635330094053207,-20.174828739206525,0
0.3123577445411804,2.0159071953033108,-13.665840937903617,1
0.6534845530925794,0.5012808411664972,-17.487757620047212,0
0.5429313085387584,0.5072318414430877,-15.651714989416968,0
0.6539753113278565,0.568544684055667,-19.235668317223297,0
0.6222039489850395,0.8658654814943854,-18.118604983977974,0
0.7372853398622883,0.3934816762564264,-18.898895038211542,0
0.7727429917354954,0.7943261373176188,-18.020671419331613,0
0.775085685364795,0.7106680134434875,-20.316942433235596,0
0.7605562188902255,0.8350468271054989,-16.20234799753212,0
0.6893179411638009,1.070502907248341,-17.971156706056433,0
0.6582435547619282,0.8147179531181783,-16.899401203216698,0
0.6402317797066347,0.7388500421861792,-18.27864242804293,0
0.5794000866718599,0.4031255472562474,-17.77124630864767,0
0.7793482960406286,0.42206666077334354,-16.645353008823903,0
0.686023116965602,0.6540285276547833,-17.84193981228693,0
0.6002927765103301,0.3452885778120653,-17.798752411061454,0
0.6338806899431811,0.6923158876936829,-18.952729251150597,0
0.6306421234853958,0.2797617163858483,-18.64130827401492,0
0.7034419588012101,0.7728350078346923,-19.215378765409124,0
0.7853974280856548,0.5517449532099602,-18.8856211061756,0
0.6721608360323533,0.6189895418205283,-16.498525067442998,0
0.519797318817308,0.4877441555369276,-15.829668827991433,0
0.6848655731872864,0.31522103846661415,-19.49672986155527,0
0.6875044879922243,0.7852042918791392,-17.52579385795587,0
0.6820063815251582,0.8003552092432071,-18.381229668240533,0
0.6498031066819439,0.5472768352194453,-16.323637719941086,0
0.7173951264580674,0.6992894347101012,-17.838167738186495,0
0.7052912892119201,0.5413662869684394,-18.008970845689042,0
0.6980135748698681,0.643273476639937,-18.89372317459168,0
0.7330113089154372,0.7138708798380164,-19.838136046910897,0
0.6656133741481717,0.683262738686081,-17.086873820700614,0
0.6610731464239477,0.8011454420114018,-17.576425710298267,0
0.810409863166832,0.6778321013558003,-17.547067031375484,0
0.7447484327772348,0.6042126925557892,-18.71919252319032,0
0.36017883337073275,2.834573657895757,-10.89884229787853,1
0.7980883668267255,0.5282241929514119,-17.0507148166637,0
0.742075534449984,0.7215077095087524,-16.821464844322666,0
0.7742710943308937,0.3747260221628822,-19.414165939102237,0
0.5736523870343792,0.7658710955119195,-18.760017684601678,0
0.7163323097596821,0.55782844109782,-19.66786010648657,0
0.6853825230548538,0.4772091143388165,-17.75848270488796,0
0.8342147272719846,0.4351913734827799,-16.938794025476128,0
0.774211642544264,0.7011551678472581,-18.3344586204593,0
0.6495643847365455,0.5978037969295023,-18.795427957199657,0
0.7298235326823365,0.838314783484473,-18.40236222456635,0
0.7134145066759391,0.4105386524211118,-15.232424022028216,0
0.7363465146521783,0.5132754565407205,-16.56968628009174,0
0.6184926024500278,0.586166826280888,-17.122803392724407,0
0.7288013172190579,0.4872214884045099,-17.615918525300792,0
0.6817478920569412,0.6009177996212705,-18.01528975754286,0
0.722595981124448,0.6479251149623279,-19.087958596914454,0
0.6420491867902264,0.672672635869461,-19.27402850916964,0
0.653194946288272,0.8259250696326691,-18.681492811815854,0
0.7939073616293362,0.40447913568276295,-19.14453585576244,0
0.615876195332787,0.6506640479902965,-18.729375554423815,0
0.6217796479166361,0.502958577061775,-18.122274751343493,0
0.6958734994227537,0.6645020070035377,-18.03036190627555,0
0.6382487699851236,0.664699827952957,-18.744457530461368,0
0.48523625459261505,3.205098640592976,-10.715446251494214,1
0.7084060776966635,0.46482714860488683,-18.22680764657806,0
0.5795947314477036,0.6767464595204362,-17.742361642586182,0
0.6193630212069089,0.6035106766116195,-18.893508461920288,0
0.8643276466338914,0.5670567238902593,-17.168552934587993,0
0.7367580047175207,0.698698024466246,-18.6418153203019,0
0.6402749318184071,0.7097577713793197,-16.069734915913614,0
0.7334572062612957,0.5205554830947445,-18.2699896249094,0
0.7453864381589304,0.472192029353625,-18.11362087379343,0
0.3760766817483063,1.9802520223617333,-7.793044513895625,1
0.6898275176434615,0.6050181180302228,-17.025779767854015,0
0.7781198162218311,0.3865259584277153,-16.8964875837704,0
0.5369242780094261,0.6149142687343551,-15.869294360383236,0
0.6154953495619397,0.7825255187136659,-17.20573737191516,0
0.7131097121389164,0.5469810344570574,-18.08038378661366,0
0.7263706826246232,0.5195693579189754,-18.63557509848218,0
0.6270574169865086,0.8996767160440717,-18.160593939839615,0
0.7207535993010526,0.8264552728781469,-16.21918021148534,0
0.6500927801050191,0.48531031941668784,-19.664359563626842,0
0.6778432724618267,0.6208519771588462,-18.982809739750913,0
0.7819819040532008,0.6493017363522123,-18.262784092240274,0
0.7727149997510879,0.6305490634089267,-18.99877856345609,0
0.620235173810939,0.8722010171569181,-18.49052638181058,0
0.6154198830383917,0.613084483862913,-15.832518553984187,0
0.6671061283557347,0.6355852313446525,-18.357711647555952,0
0.6978602959061659,0.7032993442719624,-17.506021721804466,0
0.6473681209140207,0.77848795740715,-19.98983621999488,0
0.7832513954239734,0.7405348791456159,-19.322924723182155,0
0.7277911873366844,0.6807127179467458,-16.8807796684536,0
0.7324868087899543,0.36619502919091373,-15.998365873746133,0
0.5986768936844022,0.5267793413912361,-17.73430728325377,0
0.7933832573907024,0.7229131810807906,-18.3672195112676,0
0.4743864942207447,0.6375598045918958,-17.40460604293343,0
0.7667244361479495,0.7239192950734428,-21.1169214194625,0
0.7747449390136616,0.8830749092506871,-17.72505438777835,0
0.665407905017763,0.42345551924110136,-19.255332720129,0
0.8018328173797938,0.7706865262206876,-17.04708842133115,0
0.6949521957636522,0.5504454806259553,-20.63075868981713,0
0.7049945362661953,0.7403024728912098,-18.754051171091138,0
0.7271623029923373,0.5938168884947823,-18.049171005729594,0
0.9549259929448843,0.9190506808339494,-18.914149419547144,0
0.8075547126466402,0.6195130404392607,-18.45058128022577,0
0.7560904960570334,0.5039228663466029,-16.91467877918819,0
0.6269756410719044,0.6629811934187652,-18.02939521742071,0
0.7114871860383594,0.6485914171077405,-19.11669696595749,0
0.6349500724922891,0.7707145641165671,-16.87151992079065,0
0.765768867782625,0.6672079197907388,-17.698822957114604,0
0.7112373580587885,0.9712596958753954,-17.649015024498002,0
0.6100382656308884,0.5832893796896591,-19.071013230273724,0
0.7064899666734802,0.5850570075329289,-21.057128007194464,0
0.6320466024226955,0.5094170924920418,-19.08735748002765,0
0.7120972977070037,0.6128502507531265,-19.20944229364258,0
0.6312738146907795,0.6346588681624431,-18.735956348616867,0
0.702199010668865,0.6421815794933816,-19.010226799190765,0
0.7600375889548076,0.6100781513240998,-17.864761789143643,0
0.6957558406459915,0.5085268174909052,-16.942947034745156,0
0.6687289386262089,0.4677502307876467,-16.708606287176544,0
0.7162620976845969,0.5437239412746665,-16.995345769963645,0
0.7557746096634282,0.771230649035267,-19.077149970974045,0
0.6114253384094591,0.8035199528237218,-17.929319048016193,0
0.7208524923764161,0.5884553195339347,-16.121800982195936,0
0.805403265521392,0.4587625550298863,-19.90168119956749,0
0.7458925570621372,0.5878239584524814,-16.382123946689845,0
0.7046203317333782,0.9137498152905119,-19.195324003667615,0
0.7511790005359116,0.7498451752974931,-17.6474816548991,0
0.7361997164882146,0.682611403729882,-17.504657859637167,0
0.7602880887327851,0.7444027375578854,-17.772104356116635,0
0.5380854711213644,0.8310849917011969,-15.325832526956905,0
0.5757235093069387,0.42707006976793205,-18.36099828056555,0
0.7803863319586589,0.5411940196954316,-19.96738544990837,0
0.5795776659070847,0.5206917550744776,-17.572263518967787,0
0.7321230908575364,0.6880671595606475,-18.20404798166935,0
0.6718360275174167,0.6240166335959396,-17.334238550136995,0
0.6203048603523202,0.7134466936034112,-16.94148570975152,0
0.7279719805717978,0.5239668975199165,-18.040427606045355,0
0.7160826802973256,0.8057928076018734,-17.47642748322924,0
0.8688274121677102,0.5895999437776047,-17.826914481315562,0
0.6500151036371288,0.7041818327937275,-15.849735067110347,0
0.8152088096055339,0.7793109748384409,-18.444674103441198,0
0.7281938331507452,0.7672686473242453,-18.824484237611834,0
0.6471182494765829,0.6541242612602695,-16.943122916266525,0
0.7639397166013796,0.7229020359573818,-19.11501577841126,0
0.745259080356316,0.861249099595843,-17.529410633300945,0
0.7028674635886439,0.6770401850962043,-18.203506984402985,0
0.7213036285152499,0.49055303969076297,-18.12158482145032,0
0.6522410375163574,0.6874576096445827,-15.075234451187796,0
0.6339370299796394,0.5944078172970614,-16.51909590609332,0
0.7607553739058066,0.2477998298393484,-16.77410456001668,0
0.682084846054938,0.6692997035554639,-17.36331523142763,0
0.6935933601400726,0.617497597502341,-18.82981694572821,0
0.7223857276755421,0.7734626657246157,-17.686221975914734,0
0.7212230675827046,0.48748595137675405,-17.300010839005594,0
0.5856538823220747,0.37414355064310384,-17.76121748383276,0
0.8029001669163887,0.6253021289115764,-17.886299607187247,0
0.7096945721520542,0.6570266081408169,-18.476939158547285,0
0.683787738974228,0.6140749418078353,-17.67184962038246,0
0.7344676804135797,0.6031063025528105,-18.63068562174423,0
0.3048358910823053,2.2497831827555257,-10.489426660568064,1
0.7613650151591761,0.5791624294537615,-20.418925441389163,0
0.7430386937720752,0.5477391255743377,-16.36950772026007,0
0.7574276983197012,0.760906311115116,-19.573999082241468,0
0.8080795124582012,0.656898804604592,-19.28070602888347,0
0.7706899639176777,0.5583004317382207,-17.509374977253984,0
0.687161102373715,0.8585827314634148,-17.352069803574405,0
0.6101679075138533,0.5596638485677485,-15.506066428314757,0
0.8334238346403612,0.6836680085829244,-17.644458564829048,0
0.680982130132231,0.5749617999616077,-18.048545719191402,0
0.6621514069311581,0.8446728772542006,-17.770440745748612,0
0.5610618545788448,0.6130289663720416,-16.091414686454666,0
0.7270778484249689,0.6174621341836011,-15.090720011202745,0
0.7119109283163015,0.579019446184093,-18.221760358690783,0
0.5787908051000414,0.6294767889001822,-17.348673100593466,0
0.736261923370654,0.7799306757971863,-18.089267021394633,0
0.6601446463438848,0.7268765767027031,-18.11311960950464,0
0.9152252005830954,0.6042114271674256,-15.745139251362279,0
0.6544511046327305,0.8551987659684981,-19.110878068636186,0
0.6651845334241765,0.7309478462013853,-20.801137450659994,0
0.6300179020596506,0.5342728321203976,-17.619066769144137,0
0.8022301216833577,0.3929477469399093,-16.55879216548551,0
0.6701779364428198,0.5377479297305144,-17.736124048498763,0
0.6420068676987603,0.6620023167825378,-17.397355738550385,0
0.7565564007936434,0.689580055594714,-17.097127942647727,0
0.5895717651669451,0.8038706524953028,-17.866906711908474,0
0.7500088436999157,0.43581810373214996,-17.33243085186201,0
0.8425119773280686,0.5341266999079785,-17.35246572161561,0
0.7453286266268071,0.423353599518823,-20.350325516687384,0
0.7510318653007939,0.39918011826308314,-17.86335972752425,0
0.7696048173525987,0.5058271881070022,-19.887339399551397,0
0.8367766422940415,0.6549918366441031,-18.045805806128907,0
0.7967915168015283,0.7157091652335474,-18.594337138607322,0
0.7351735777818419,0.4577468840067488,-16.759186494758605,0
0.7723113120508801,0.478608612091914,-17.706704688948005,0
0.6291252059627911,0.3330265237014849,-17.432168584694125,0
0.7621034872597857,0.6321528312415493,-18.2297408615547,0
0.6195555223053002,0.49017916470438927,-16.737382484872366,0
0.6706382065094698,0.849454706731777,-19.91679040862728,0
0.453395025988541,0.6614713199474391,-19.074602942545607,0
0.732114372749397,0.5742831384814837,-16.45643145406944,0
0.6484902391113317,0.5038331358683321,-18.522778198958623,0
0.7888916172163569,0.37579946697086564,-20.57499840620506,0
0.7312154088484322,0.39481923345818537,-16.256830468063338,0
0.78992767157613,0.5066788568141798,-16.707676714368244,0
0.6133122764261969,0.49516456769635425,-17.14683671206712,0
0.7830708829727706,0.45012422357310083,-17.886712791657956,0
0.8684685075490661,0.6565642091163516,-16.007103578209563,0
0.7611326639945515,0.6771398388622288,-16.489657885125,0
0.763227920695383,0.5312051404047408,-16.14257271744959,0
0.7135678141115948,0.8902728402397976,-17.165399423463324,0
0.6580264975547708,0.33799059502258616,-17.852644978498702,0
0.7608953898161206,0.6087245848458395,-18.47899784521776,0
0.5795133671678345,0.5672129693868112,-19.522708610959047,0
0.6665795900063346,0.5173948677049115,-17.397545261440385,0
0.5583154558130254,0.4953505730980411,-17.297571198245276,0
0.6437074898147933,0.5989560175631463,-18.419737598288787,0
0.7513636073514849,0.5661708259017406,-17.26358276626004,0
0.740431470097637,0.5412185209331161,-18.39861339791897,0
0.7040730956428378,0.4051920547515938,-16.959086770383646,0
0.7136320795249608,0.35728322732842516,-19.058528751771263,0
0.5491308305708632,0.5567225287206652,-19.266133842010444,0
0.6701950175543268,0.5396855843255204,-18.288694472662378,0
0.6454918714851832,0.5704444709584758,-17.005457525397254,0
0.6472752247588367,0.5837067303165737,-19.390542557590827,0
0.7479662902251002,0.5216246487175773,-16.740375577188967,0
0.6311594138795751,0.5681388864272692,-19.971105761262255,0
0.6516255319898071,0.47197075378447584,-18.29609505071315,0
0.5330344603432386,0.8285918713744924,-19.69569135252317,0
0.6764701455699064,0.4800389777775047,-21.131879237019877,0
0.6129729961829103,0.5443528935801989,-17.560257834269695,0
0.7063362342951715,0.4914316816329179,-18.21337333035734,0
0.6239113562606028,0.48891276896926456,-19.676518719396586,0
0.7083633796439373,0.603696234995692,-18.619936629581737,0
0.6884251391406125,0.5846648685175482,-17.469809727684822,0
0.8337633418433856,0.5310809414437184,-18.441779600387004,0
0.7397774384362554,0.5574786012668532,-18.23841733868208,0
0.5528289701950158,0.4920279673510094,-18.47814788438766,0
0.5988088924717833,0.660258845658924,-18.698762557715952,0
0.7044166407193866,0.908278911388607,-18.714404729691694,0
0.6256121641285879,0.46877380841501726,-18.74963683955488,0
0.4625305255811318,0.6590944835601906,-18.90377145128769,0
0.8079637051066995,0.6067423435531065,-19.220753517228964,0
0.7576179213524326,0.7002944637198885,-18.455654781261394,0
0.7416781498793417,0.7045189440744107,-18.76791342279362,0
0.6514141563623268,0.6308119045827991,-19.286038356618832,0
0.7342141416807944,0.594026913582735,-17.080782413571658,0
0.6436511740623294,0.534832470052733,-16.520836833699942,0
0.7163885840174152,0.48525594703370467,-18.00012332952408,0
0.6263533419330818,0.5854731508572323,-17.920232414482992,0
0.821303076044481,0.4073116752873479,-18.831076759043516,0
0.5743810676734524,0.5109216014823796,-16.719562371850802,0
0.7985827063608665,0.7660280436708853,-15.914182661908391,0
0.7031132662413864,0.6147768331619536,-18.196552594830795,0
0.6608426403726407,0.7338996628403325,-18.625735834071026,0
0.713360233735659,0.8204465829987636,-17.590229680854186,0
0.7586678405742544,0.5734455816127774,-17.845282747153934,0
0.8093397389355517,0.6310988751290462,-18.600186570548747,0
0.7250514418506825,0.5547231158770867,-17.43456500036118,0
0.6287443131790178,0.47810913592865906,-16.874210871132124,0
0.7044504099012631,0.4570547611001393,-18.942982081589737,0
0.8453434589329898,0.7264725558894737,-14.949559224341275,0
0.8078142468410099,0.6312940920728471,-19.839530588517395,0
0.7727010782499486,0.8769904608121579,-19.02202887160908,0
0.7636549616097908,0.7458078019385836,-17.719238363637164,0
0.7559560072485233,0.4903180515695448,-15.30375225794814,0
0.7927003867607896,0.7260513270340156,-18.67510883001675,0
0.6634696971422476,0.5542386691346617,-19.278895575114703,0
0.5915931147379995,0.7825289563693502,-17.340910225885505,0
0.7055202800589648,0.527049918413547,-18.298313289261685,0
0.6345934730577847,0.4421361059635991,-17.20169316605468,0
0.6155983395698252,0.4806367384407886,-18.084936659880505,0
0.6423777138729654,0.48830026463776294,-19.028599850555945,0
0.8988251139626948,0.4739622353072004,-15.181348835502924,0
0.7108899707260675,0.514108758659234,-21.545268718896864,0
0.728952626908879,0.7285037805487856,-15.815713499580275,0
0.6022109754396596,0.8694066312399276,-16.880085714919286,0
0.5524997632965896,0.4004715726669744,-18.89470714983266,0
0.6344757885504955,0.7895269564249724,-15.75309587419948,0
0.8150556468166998,0.5283444426038357,-19.645703039093114,0
0.7267420372861216,0.6521823796803351,-16.79026684559097,0
0.7478876073155514,0.3518780954140054,-20.49917413565653,0
0.7590852831361649,0.6786052526017283,-19.37505383156445,0
0.6526920496161377,0.2992031404775906,-19.378034190777452,0
0.8110372467178694,0.6470902608465248,-18.90078799251456,0
0.6493753920622254,0.6385884070544005,-17.986102661545612,0
0.8124985887410042,0.6286511451443201,-18.99117163692979,0
0.7353841724908272,0.48976347740506054,-20.443693142037347,0
0.5568763876602942,0.6824290011644465,-17.443859077559186,0
0.6401592410719572,0.6586622264125076,-17.941258892487024,0
0.5572049173702316,0.5685070824538321,-17.509287190922183,0
0.7930625706235367,0.7007775460762791,-17.793698508880826,0
0.6980211663358079,0.5856593780151742,-16.8549176616178,0
0.5217326048040175,0.6793165738363143,-18.090578823793322,0
0.7300597505375727,0.5811181008908864,-16.784975238227627,0
0.6570268590089343,0.632505298666431,-18.930835977721472,0
0.581295531597334,0.6862084411612893,-18.862404455206622,0
0.8342372669574958,0.5403131139572948,-16.348752725522168,0
0.7085828692877263,0.41492451206187064,-16.373197610127253,0
0.6765254878149349,0.6414118508322232,-17.311509428663,0
0.2729575200862121,3.3114647588928054,-11.524273925963207,1
0.5789376424673782,0.6448726459436169,-19.16355892235491,0
0.5956360880332712,0.6477213472044558,-16.406323245166476,0
0.8027933427900066,0.5936735840255039,-16.47280208690621,0
0.6620893704171424,0.7108677979159801,-18.07629522920415,0
0.701765416074949,0.5721096875793094,-15.189738087636176,0
0.536453561903914,0.5319151828309707,-17.44931991366463,0
0.5945526371363595,0.7657947379312299,-19.328639248837344,0
0.7487850015899802,0.5204192522560976,-18.33075731960147,0
0.7302169408091066,0.7334206419677624,-17.99343530639355,0
0.8402700158979453,0.7658903192936564,-17.896321635901064,0
0.807436506530498,0.685022539809309,-16.499996138577952,0
0.6815431222012142,0.41261467206410507,-19.14754669519723,0
0.7378362851770617,0.6040732363833746,-19.59781475893466,0
0.674671724567754,0.5697000004412074,-17.277211580393885,0
0.8643847854910919,0.525600111699703,-18.608381410711026,0
0.791921175684192,0.6214127381019641,-15.09179265183981,0
0.7135748072686201,0.7153809521246322,-16.86813554222924,0
0.3626312514586999,2.610884764045933,-10.936387046610557,1
0.8155880229807846,0.5742925988589488,-16.544575513458952,0
0.7463662277691078,0.5638411599252018,-17.123507045900393,0
0.8246902413656069,0.7745806568316467,-17.239563423044068,0
0.5245081658992901,0.561434907328412,-18.14669271790619,0
0.7368982609199038,0.4148391513357381,-17.49545897803384,0
0.6587652108254891,0.3639847741514229,-20.523549480711196,0
0.8405102390102394,0.6544094349848955,-16.41949271493354,0
0.8237118949751863,0.4858977390171147,-22.123274867601626,0
0.7026268647281045,0.7003086757908717,-18.530547712831098,0
0.8228504783048824,0.40031700172393025,-19.91485266383284,0
0.8426491615994005,0.5191631750084088,-18.601021369477827,0
0.7059525337540917,0.4004146725719777,-18.088940726894528,0
0.8977547017945485,0.6651916073323385,-19.436152240699453,0
0.6974927077864221,0.6973271310936975,-21.329372691167087,0
0.6828383239731273,0.65079377364549,-17.75152113103073,0
0.7692698070867474,0.4371095519394236,-15.496272261566524,0
0.6716967415086148,0.48813543838340007,-18.421536200220007,0
0.7068271820635914,0.6351470982917331,-16.84880285252904,0
0.8127547539240727,0.3468387887813454,-16.194738194931737,0
0.7015375081773816,0.5638297583418146,-20.280045509454958,0
0.5643985765619753,0.8275358030003822,-18.548730181773983,0
0.7293855510279357,0.5730066676229437,-19.53166273402656,0
0.6442965136758084,0.37671830414520724,-18.967532445573795,0
0.7692216925835637,0.5088886128485797,-15.957585958624044,0
0.7556951772660996,0.5053961511483637,-17.73158461629097,0
0.382717055287779,3.361296637527067,-10.34998862902416,1
0.7726025840634158,0.8498518620770843,-18.052678927156542,0
0.7872195426926452,0.7096403151152366,-19.45266317488265,0
0.6464722591889829,0.5485386103887903,-17.18626116333755,0
0.7643189196712401,0.7800944491469584,-16.496909554268615,0
0.8574761031488232,0.4299810541424312,-17.61915094059761,0
0.6449080073090586,0.7614862972866389,-17.413050765888077,0
0.8439790633381679,0.7391960306130065,-19.481761663640143,0
0.6560519927038935,0.5772981398026079,-17.151763640220928,0
0.631842300396002,0.7708779470026158,-16.38478341248838,0
0.723696035468387,0.5329168305804225,-17.514497430874258,0
0.7572728332903047,0.4102371602852649,-20.15613989505227,0
0.7729400099177811,0.7466947519499881,-16.037244599069663,0
0.6230590063381438,0.5872135606290811,-19.133788672372518,0
0.7347632077803432,0.6902670904948002,-17.534655807732108,0
0.6451556342813195,0.8731329887339109,-16.856428477726897,0
0.2912262030680101,3.587634441563597,-7.9626267569871345,1
0.6257010947573771,0.5784930742740036,-20.160068174135816,0
0.4138186998848573,3.2483119540750556,-12.132394366199687,1
0.7417276128282005,0.7003097596282924,-17.93877406694087,0
0.7921770930454934,0.4950325883693105,-16.273166174728185,0
0.5821434696099786,0.45674734446907816,-17.449531749107244,0
0.3909140922775994,1.788081964185798,-8.719805309170843,1
0.6058641451383274,0.48923779427956826,-17.352098880137817,0
0.75032683272112,0.6356022179234296,-18.088999445473462,0
0.6501815535197001,0.6117651760796399,-17.767368694154207,0
0.6158936785581377,0.6418856631413027,-16.171683699477043,0
0.7639731612278059,0.47387807976603263,-19.5563182026015,0
0.6530461915643924,0.5893749138712117,-16.91285458785536,0
0.6747228838917841,0.2916450339065675,-18.753139189464946,0
0.5224008729954899,0.6217509476042049,-19.010974901098443,0
0.7757241089138779,0.7763160967433798,-16.771888360060593,0
0.7656726816935285,0.3862881135980729,-19.059704706013193,0
0.700436627542505,0.6725142345971191,-17.54751033968961,0
0.5777935246915392,0.5083478472359155,-18.58672970659172,0
0.796749534266781,0.7203751730540053,-20.828324035075767,0
0.6466989290911367,0.6237971176818418,-17.42674082387478,0
0.6637317239919529,0.660705616899066,-17.848414472451854,0
0.8849635245087625,0.609723584813316,-20.29209661729778,0
0.6437090844712616,0.7992497709576529,-18.838307449846635,0
0.75937679699412,0.6521115716542654,-20.168390540054766,0
0.7449673809666093,0.4941864428996323,-17.121972135244306,0
0.7312137754304068,0.6148072578481505,-16.334408156747884,0
0.7225600434043609,0.5446678435550926,-16.98061127394458,0
0.7301110849511359,0.6243599859779383,-16.81304381183989,0
0.7217552472752432,0.5370345431449781,-18.621396486800176,0
0.6958465312979151,0.4984783896680528,-17.34368638666755,0
0.8209026499288593,0.6298908319122668,-18.010882356170594,0
0.5949871551360577,0.608368444292483,-17.777622580693418,0
0.7817166483212301,0.7595933767568771,-16.851082247454574,0
0.7657873838950041,0.537756618130078,-16.589415095223316,0
0.7558719297063521,0.3028719228757039,-18.46770766756622,0
0.7893583542112103,0.5454193802305031,-19.68917377362606,0
0.6925920483785285,0.35603538616251346,-18.22488544163143,0
0.5504820739338498,0.6623507961144864,-18.26312794237666,0
0.6942165872228411,0.34891531074768184,-17.658482543983013,0
0.6207044625900356,0.45174434063788477,-17.00040489784305,0
0.6414512632113548,0.5456498312587705,-20.297498358580867,0
0.600606426093407,0.8315925907141717,-18.80509626142977,0
0.6618124113244932,0.4390664826427624,-19.15666582718093,0
0.652270104481324,0.6018607474719879,-16.498927453569852,0
0.5097944136058318,0.6869964865435888,-18.250045072022864,0
0.7560177529025831,0.8226090829831045,-18.615460283474146,0
0.8776257486403906,0.7166692127582115,-17.354037969064105,0
0.748498975479703,0.7640860427448698,-18.711607621099226,0
0.6837660834772618,0.7296460588277311,-18.01823373215622,0
0.6956202883459027,0.4186315542905791,-15.82311455986557,0
0.6663211305589458,0.653953815647557,-15.856451611336027,0
0.7072033267093566,0.7272991428258334,-18.488861187675383,0
0.6970393524741413,0.456524956548897,-18.21883416259149,0
0.6327161255681364,0.5130360184913966,-18.742834200876967,0
0.8346310711158265,0.47952115573094156,-20.311038330048206,0
0.5810276611432182,0.7158934478952049,-16.75657278588394,0
0.7574665234555397,0.5896078319506302,-15.094389459993883,0
0.6919041898145974,0.5518731158497354,-18.53213932518093,0
0.8520665452052596,0.4077495125020518,-18.980152472747125,0
0.7272691679398576,0.5898908620209311,-18.32741615560801,0
0.6712075570253401,0.5148617467522876,-17.8979447426057,0
0.6801834241252401,0.6365009347896243,-19.362636132248255,0
0.7031925355615809,0.42855492020318237,-18.550174153180958,0
0.6085767444002879,0.62668593892593,-16.782123295274378,0
0.638650437990567,0.5341573844251769,-17.847143238639273,0
0.5572044824646514,0.412605461139728,-16.475536766245224,0
0.6261618481300725,0.40090739431827793,-17.562278576566197,0
0.7075125185328359,0.42344694179659587,-19.306700722527502,0
0.7240140039427616,0.5690401413839187,-18.69121677206371,0
0.5416536244002879,0.618149315154525,-17.701905523734624,0
0.6890230637564639,0.6404735448565771,-19.34710713115333,0
0.7450727960657706,0.6461329376592672,-19.50278367949273,0
0.6869670245299011,0.48622151085311993,-19.43064066403887,0
0.649296908337776,0.7587604362142764,-17.38103473462342,0
0.6670271083961429,0.533666171098777,-18.439488018507046,0
0.6567389316018222,0.6675224640089598,-16.581070042688463,0
0.6490615552713553,0.5753766849759274,-19.075704459535963,0
0.7139058820195878,0.6563431847554562,-20.948880321544618,0
0.884615058218836,0.5678507900782629,-18.156846142563857,0
0.6405040066475853,0.659045231486185,-16.022933963527414,0
0.6745485893870858,0.5988916695179515,-17.958516699661672,0
0.6958641648499814,0.7220760855976033,-19.64651189175944,0
0.6450116452513365,0.47719724351832027,-19.949131915448095,0
0.7878588642818741,0.3345162996164132,-16.56251770329181,0
0.5103291701354848,0.4539963870848855,-18.968924125730293,0
0.6575152663697059,0.760337762285705,-16.149845606812164,0
0.7654650989055969,0.5768161770168391,-17.21508786137846,0
0.6764724553289092,0.6138093443319843,-18.923482457285623,0
0.6343328832919767,0.4419545078930419,-16.59943578682603,0
0.7352605403551011,0.6098330587725418,-19.108676583915923,0
0.3563232146513101,3.7196878793940518,-11.774644374268194,1
0.7168508356172046,0.46863280874208674,-19.040094472013333,0
0.6359023712149693,0.5396274475764179,-17.07751601809174,0
0.7364962655321394,0.6667645886763218,-16.634439613198396,0
0.6678360559780168,0.6827771370963764,-18.475232715441493,0
0.7596149505515062,0.6868567346906755,-20.241973573366973,0
0.8186607107885272,0.3617873827433439,-19.868119753353668,0
0.49155385954491737,0.5990003249414607,-19.281174686231235,0
0.7088853978556505,0.5704827249925896,-19.552796255100148,0
0.5611412850441898,0.3701726375877817,-17.68148354872252,0
0.8953430868263816,0.6023975650083297,-15.674260986330658,0
0.6625500372963047,0.5624359173844857,-17.045068111169297,0
0.7597098593460297,0.6767288508176831,-19.35387701398889,0
0.6971746512324083,0.6121870614359703,-18.833250918799866,0
0.6357532335424751,0.517601920457512,-18.599148815158568,0
0.6262357562258059,0.7388643675685466,-17.532942999608295,0
0.8268543338480607,0.26681497488373135,-16.114494316977588,0
0.7764750448142648,0.5903602307355584,-18.560880455341024,0
0.855486726990205,0.3355123602012096,-16.153467250718172,0
0.7044362668126158,0.463171009319082,-15.475306849893325,0
0.72303356969968,0.6787220554514024,-18.41988823954647,0
0.6786246747475769,0.40887037793387954,-18.45077354527357,0
0.6770334237507992,0.38644232719440974,-18.43274324086934,0
0.6166490454018105,0.9572917475123437,-17.925012017174538,0
0.706720815273948,0.39610664228697534,-18.42981491613819,0
0.6368602724091041,0.8475781354631959,-16.938987046332834,0
0.7353527137731362,0.5741696753131109,-19.85859753647134,0
0.7136008175184168,0.5212756317841537,-18.641546514355333,0
0.7230145634940577,0.6850179585882307,-17.60499039231332,0
0.834010395175218,0.8004891113316749,-16.955898591407387,0
0.6969825640187527,0.4280898086837507,-15.365657923583111,0
0.7605381602282743,0.5234625315407204,-19.54683027315713,0
0.8641207571268464,0.7270304602026378,-18.782450897024706,0
0.8045293655436038,0.64319914686405,-20.719687887872805,0
0.7922535758763876,0.7652876745962074,-19.33184280882344,0
0.67546494275836,0.6772667931647669,-20.12271035632085,0
0.7183714444454237,0.8712336013723723,-18.625556874077194,0
0.5945378966376046,0.6267882898250475,-18.274038711169958,0
0.7399131520771531,0.6332716722496443,-17.436654912194925,0
0.7219568142091073,0.6482582058023698,-18.358319436383905,0
0.7018708100124944,0.5786266722410163,-17.436075503505414,0
0.7821755830594288,0.7272130738201387,-17.86311099948727,0
0.6033780142060482,0.6355561835794539,-19.23998784690022,0
0.8307890280928277,0.7182270013717715,-20.023528447009053,0
0.7721411750352227,0.741674978043624,-17.29958160012472,0
0.694349281627842,0.6642682022340491,-16.02419641798259,0
0.6881016329746085,0.6752574486351295,-14.957537985981581,0
0.7384488972198875,0.4484505318605199,-16.877454358518456,0
0.8216680985651024,0.5174469618270268,-16.250981745667126,0
0.7081286174952008,0.7265075179486097,-17.446248355153276,0
0.7115224721583381,0.813544677272777,-17.637588737291747,0
0.7014494782100696,0.30893546617374595,-17.866798771450167,0
0.8425619290161177,0.5148205279122877,-18.12697157282504,0
0.6704893517650381,0.6035430903621974,-17.27150813348504,0
0.6976393921104742,0.4681088306878983,-18.624716497637667,0
0.8170748523408795,0.47662205337274755,-18.17693094190463,0
0.711760866689029,0.6712379810690707,-19.413559539557266,0
0.7909647088036418,0.837206395375715,-17.430087997122108,0
0.6270975954477632,0.29522646655167883,-19.150917049375803,0
0.6835765982697188,0.5744285776527456,-17.959506011423745,0
0.8187547230752182,0.6694920512685582,-17.399410687629143,0
0.6458928227389164,0.7170320958300362,-17.296930282356225,0
0.6878960768184234,0.6478691014603557,-17.07418975462148,0
0.7205348184713183,0.8642103824904173,-18.255949830177666,0
0.620867638560561,0.6043359889988691,-17.416723464732375,0
0.6668951905102481,0.7967989185588146,-18.583950315734644,0
0.7090109345460511,0.5030448494481046,-20.365048455612268,0
0.7037345387329569,0.6086974419883274,-17.36362887151013,0
0.8024281616669708,0.4180927386301724,-17.641814271763028,0
0.8233165755865802,0.7351296660823491,-16.784011796521035,0
0.631513210239927,0.5819335706038236,-18.030346455445923,0
0.7089014815333992,0.6536731593779846,-19.923796038860893,0
0.7539398646739812,0.5529947053072389,-18.109956941237066,0
0.8213077972639358,0.6879642752488524,-16.936103322312327,0
0.7574792237853704,0.6596150960783628,-17.428758229444288,0
0.7232730721273865,0.450802285504319,-18.176093487473803,0
0.7533234025586104,0.4594848851125484,-19.99627107349582,0
0.7539015067469007,0.5958346904487972,-19.231220345884708,0
0.6257828566172505,0.6989360936109986,-17.427313365778357,0
0.7154239034005014,0.8794343329670771,-19.998188582489135,0
0.8167328795350952,0.6454486284998593,-18.381893897708203,0
0.6834114585044796,0.751129710373281,-17.953893385228294,0
0.7103557314037955,0.35807235978537466,-16.620075412991927,0
0.6805986840379182,0.9019433774150973,-17.26261133864335,0
0.51489124035145,0.6908529316693789,-16.844626520611243,0
0.7016472141787743,0.592559323326183,-17.63777601116087,0
0.7241433544522298,0.5752955928813112,-19.01449317865379,0
0.6590005287295277,0.43392003032115023,-18.736392561490256,0
0.6076290440892217,0.47680698064197435,-19.119191567089533,0
0.629551483217468,0.886565344820012,-17.291062989688555,0
0.7611350092908451,0.4516493342570981,-18.832706662707068,0
0.8578019818437523,0.44875983632004823,-18.47280037563418,0
0.8105946672724346,0.4946669270886631,-17.973010514175783,0
0.5924523196135558,0.4202728870558091,-16.030425064102463,0
0.7683701848440562,0.6022959862268265,-17.211439310468123,0
0.6469470099352568,0.7633365768997857,-18.927424109521333,0
0.6534186349992978,0.508426151059195,-17.817782811320527,0
0.6630419521622972,0.39400135803587677,-16.018425887404995,0
0.7564853559884344,0.6437791969521981,-17.26178480588527,0
0.7767402701159231,0.591633849348028,-19.917902831398873,0
0.692157514297617,0.7504086825122437,-19.09828731436532,0
0.693514340719358,0.5318237551046594,-19.190322603003743,0
0.7371410994588634,0.5609764830559987,-16.27112420956804,0
0.7454395631619393,0.5775704453185097,-16.492462516963613,0
0.7940980565406823,0.6133506165830223,-18.75004437334274,0
0.597250241959264,0.5411157483963616,-18.775896263768797,0
0.7016021871843223,0.5168033837930986,-17.94636986080526,0
0.6145580499287058,0.3224433472677238,-17.91039714468785,0
0.6959246176749277,0.5151919186319824,-19.154791115187596,0
0.6819059769855391,0.7072834902122628,-18.298956809878252,0
0.6962600436877838,0.7275368279053328,-19.744323923823853,0
0.6360205689511574,0.5293330464613049,-16.473215154106757,0
0.5810168165434056,0.7949228997272643,-20.112396615398016,0
0.5324449978628077,0.5956943892449468,-20.125727306271298,0
0.6895055876588128,0.3993230442276078,-17.477952654585685,0
0.6655199115333649,0.3521423915318616,-19.484251485400865,0
0.6459249868156938,0.7827386883929589,-18.601157949761447,0
0.8058038770265328,0.5440494412108389,-17.92419256667686,0
0.6312449450563751,0.4178903215391131,-17.189639004159794,0
0.8133467265711042,0.26110857428466977,-18.265298541538648,0
0.8299074995415405,0.5406425833687285,-15.864993843264248,0
0.5439279626568495,0.6607126288494541,-18.00052678639189,0
0.7073905167199175,0.4953463283930693,-16.57104635008951,0
0.6680242807331207,0.44201322597991927,-17.665733063560207,0
0.4670556844226187,0.5175936347089909,-15.442548290391203,0
0.5844286997545268,0.7864788028717283,-16.729963795290974,0
0.7619948885686779,0.39105275734872136,-17.947836269432862,0
0.8615359402169012,0.5037448454366225,-17.245403139711023,0
0.7722142514159398,0.7816136609426385,-18.31297902663712,0
0.7258905978010382,0.674126443413563,-18.325079806026142,0
0.6982934094695129,0.6268691720668434,-19.564092993642703,0
0.8346130331718491,0.5027330796875626,-18.969913922960554,0
0.8718591361566113,0.6045757221750642,-15.526834337813135,0
0.6530525856380651,0.5193256397320049,-19.444837645534296,0
0.5400010751751767,0.4710920803393873,-18.786591255340365,0
0.5321450029383038,0.4379913787047389,-18.112462412350922,0
0.8057504793727841,0.7176143394558747,-18.072491153703083,0
0.6962353167380491,0.5909390801675797,-17.53952901632285,0
0.7146593528366975,0.6471770615704043,-18.562944849736876,0
0.5567479205634629,0.6227509778702105,-17.465548359604394,0
0.6397448869769227,0.6661378241712539,-16.62913747062393,0
0.6763615348879374,0.5617921815021162,-16.4800411872222,0
0.7166270706691256,0.5277513823418138,-18.321014160764207,0
0.6681126368868993,0.47770795059133164,-17.266387885316444,0
0.6170139041358925,0.38790462998893294,-19.375360346569426,0
0.6372346405917981,0.4316950244065625,-18.866059254326796,0
0.7966658628757786,0.5451873418349668,-19.40848007842865,0
0.7195827695682799,0.35954407733467825,-18.054893626511582,0
0.7489725445564441,0.39265711437959544,-19.03106313163193,0
0.6280900951298136,0.7563209838952766,-19.824832270565754,0
